Datetime,BarTrend,Barometer,TempIn,HumIn,TempOut,WindSpeed,WindSpeed10Min,WindDir,HumOut,RainRate,UV,SolarRad,RainStorm,StormStartDate,RainDay,RainMonth,RainYear,ETDay,ETMonth,ETYear,BatteryStatus,BatteryVolts,ForecastIcon,ForecastRuleNo,SunRise,SunSet,DatetimeWS,place,hum,pm_10_3_hour,pm_10_24_hour,pm_2p5_1_hour,aqi_nowcast_val,aqi_type,heat_index,pm_2p5_nowcast,pm_2p5_24_hour,tz_offset,pm_1,pct_pm_data_nowcast,pct_pm_data_24_hour,wet_bulb,aqi_val,aqi_desc,temp,pm_2p5_3_hour,pct_pm_data_3_hour,last_report_time,aqi_nowcast_desc,aqi_1_hour_val,pm_10_nowcast,aqi_1_hour_desc,pm_10_1_hour,dew_point,pm_10,pct_pm_data_1_hour,ts,pm_2p5
2025-03-15T23:01:01Z,20,29.813,85.2,33,60.9,14,14,253,72,0.0,255,32767,0.0,2127-15-31,0.0,0.35,23.67,0.0,0.0,0.0,0,1.693359375,8,81,07:17,19:17,2025-03-15 23:01:01.216254,Marina di Stabia,31.1,6.639279,14.05905,5.7798514,10.930394,EU EEA Common AQI,73.8,6.5582366,13.21546,3600,4.811594,100,100,51.4,8.937198,Very Low,75.5,6.355935,100,1739186100,Very Low,9.633085,6.8510075,Very Low,6.062216,42.9,5.362319,100,1739186100,5.362319
2025-03-15T23:01:12Z,20,29.813,85.2,33,60.9,14,14,258,72,0.0,255,32767,0.0,2127-15-31,0.0,0.35,23.67,0.0,0.0,0.0,0,1.693359375,8,81,07:17,19:17,2025-03-15 23:01:12.340277,Marina di Stabia,31.1,6.639279,14.05905,5.7798514,10.930394,EU EEA Common AQI,73.8,6.5582366,13.21546,3600,4.811594,100,100,51.4,8.937198,Very Low,75.5,6.355935,100,1739186100,Very Low,9.633085,6.8510075,Very Low,6.062216,42.9,5.362319,100,1739186100,5.362319
2025-03-15T23:01:23Z,20,29.813,85.2,33,60.9,14,14,253,72,0.0,255,32767,0.0,2127-15-31,0.0,0.35,23.67,0.0,0.0,0.0,0,1.693359375,8,81,07:17,19:17,2025-03-15 23:01:23.418322,Marina di Stabia,31.1,6.639279,14.05905,5.7798514,10.930394,EU EEA Common AQI,73.8,6.5582366,13.21546,3600,4.811594,100,100,51.4,8.937198,Very Low,75.5,6.355935,100,1739186100,Very Low,9.633085,6.8510075,Very Low,6.062216,42.9,5.362319,100,1739186100,5.362319
2025-03-15T23:01:34Z,20,29.813,85.2,33,60.9,14,14,257,72,0.0,255,32767,0.0,2127-15-31,0.0,0.35,23.67,0.0,0.0,0.0,0,1.693359375,8,81,07:17,19:17,2025-03-15 23:01:34.493276,Marina di Stabia,31.1,6.639279,14.05905,5.7798514,10.930394,EU EEA Common AQI,73.8,6.5582366,13.21546,3600,4.811594,100,100,51.4,8.937198,Very Low,75.5,6.355935,100,1739186100,Very Low,9.633085,6.8510075,Very Low,6.062216,42.9,5.362319,100,1739186100,5.362319
2025-03-15T23:01:45Z,20,29.813,85.2,33,60.9,13,14,259,71,0.0,255,32767,0.0,2127-15-31,0.0,0.35,23.67,0.0,0.0,0.0,0,1.693359375,8,81,07:17,19:17,2025-03-15 23:01:45.584269,Marina di Stabia,31.1,6.639279,14.05905,5.7798514,10.930394,EU EEA Common AQI,73.8,6.5582366,13.21546,3600,4.811594,100,100,51.4,8.937198,Very Low,75.5,6.355935,100,1739186100,Very Low,9.633085,6.8510075,Very Low,6.062216,42.9,5.362319,100,1739186100,5.362319
2025-03-15T23:01:56Z,20,29.81,85.2,33,60.9,14,14,257,71,0.0,255,32767,0.0,2127-15-31,0.0,0.35,23.67,0.0,0.0,0.0,0,0.92578125,8,81,07:17,19:17,2025-03-15 23:01:56.666259,Marina di Stabia,31.1,6.639279,14.05905,5.7798514,10.930394,EU EEA Common AQI,73.8,6.5582366,13.21546,3600,4.811594,100,100,51.4,8.937198,Very Low,75.5,6.355935,100,1739186100,Very Low,9.633085,6.8510075,Very Low,6.062216,42.9,5.362319,100,1739186100,5.362319
2025-03-15T23:02:07Z,20,29.81,85.2,33,60.9,15,14,256,71,0.0,255,32767,0.0,2127-15-31,0.0,0.35,23.67,0.0,0.0,0.0,0,0.92578125,8,81,07:17,19:17,2025-03-15 23:02:07.750263,Marina di Stabia,31.1,6.639279,14.05905,5.7798514,10.930394,EU EEA Common AQI,73.8,6.5582366,13.21546,3600,4.811594,100,100,51.4,8.937198,Very Low,75.5,6.355935,100,1739186100,Very Low,9.633085,6.8510075,Very Low,6.062216,42.9,5.362319,100,1739186100,5.362319
2025-03-15T23:02:19Z,20,29.81,85.2,33,60.9,14,14,256,71,0.0,255,32767,0.0,2127-15-31,0.0,0.35,23.67,0.0,0.0,0.0,0,0.92578125,8,81,07:17,19:17,2025-03-15 23:02:18.861257,Marina di Stabia,31.1,6.639279,14.05905,5.7798514,10.930394,EU EEA Common AQI,73.8,6.5582366,13.21546,3600,4.811594,100,100,51.4,8.937198,Very Low,75.5,6.355935,100,1739186100,Very Low,9.633085,6.8510075,Very Low,6.062216,42.9,5.362319,100,1739186100,5.362319
2025-03-15T23:02:30Z,20,29.81,85.2,33,60.9,14,14,257,71,0.0,255,32767,0.0,2127-15-31,0.0,0.35,23.67,0.0,0.0,0.0,0,0.92578125,8,81,07:17,19:17,2025-03-15 23:02:29.954262,Marina di Stabia,31.1,6.639279,14.05905,5.7798514,10.930394,EU EEA Common AQI,73.8,6.5582366,13.21546,3600,4.811594,100,100,51.4,8.937198,Very Low,75.5,6.355935,100,1739186100,Very Low,9.633085,6.8510075,Very Low,6.062216,42.9,5.362319,100,1739186100,5.362319
2025-03-15T23:02:41Z,20,29.81,85.2,33,60.9,15,14,255,71,0.0,255,32767,0.0,2127-15-31,0.0,0.35,23.67,0.0,0.0,0.0,0,0.92578125,8,81,07:17,19:17,2025-03-15 23:02:41.033255,Marina di Stabia,31.1,6.639279,14.05905,5.7798514,10.930394,EU EEA Common AQI,73.8,6.5582366,13.21546,3600,4.811594,100,100,51.4,8.937198,Very Low,75.5,6.355935,100,1739186100,Very Low,9.633085,6.8510075,Very Low,6.062216,42.9,5.362319,100,1739186100,5.362319
2025-03-15T23:02:52Z,20,29.81,85.2,33,60.8,15,14,257,71,0.0,255,32767,0.0,2127-15-31,0.0,0.35,23.67,0.0,0.0,0.0,0,0.92578125,8,81,07:17,19:17,2025-03-15 23:02:52.113250,Marina di Stabia,31.1,6.639279,14.05905,5.7798514,10.930394,EU EEA Common AQI,73.8,6.5582366,13.21546,3600,4.811594,100,100,51.4,8.937198,Very Low,75.5,6.355935,100,1739186100,Very Low,9.633085,6.8510075,Very Low,6.062216,42.9,5.362319,100,1739186100,5.362319
2025-03-15T23:03:03Z,20,29.811,85.1,33,60.9,16,14,259,71,0.0,255,32767,0.0,2127-15-31,0.0,0.35,23.67,0.0,0.0,0.0,0,1.69921875,8,81,07:17,19:17,2025-03-15 23:03:03.197256,Marina di Stabia,31.1,6.639279,14.05905,5.7798514,10.930394,EU EEA Common AQI,73.8,6.5582366,13.21546,3600,4.811594,100,100,51.4,8.937198,Very Low,75.5,6.355935,100,1739186100,Very Low,9.633085,6.8510075,Very Low,6.062216,42.9,5.362319,100,1739186100,5.362319
2025-03-15T23:03:14Z,20,29.811,85.1,33,60.9,15,14,259,71,0.0,255,32767,0.0,2127-15-31,0.0,0.35,23.67,0.0,0.0,0.0,0,1.69921875,8,81,07:17,19:17,2025-03-15 23:03:14.281266,Marina di Stabia,31.1,6.639279,14.05905,5.7798514,10.930394,EU EEA Common AQI,73.8,6.5582366,13.21546,3600,4.811594,100,100,51.4,8.937198,Very Low,75.5,6.355935,100,1739186100,Very Low,9.633085,6.8510075,Very Low,6.062216,42.9,5.362319,100,1739186100,5.362319
2025-03-15T23:03:25Z,20,29.811,85.1,33,60.9,14,14,263,71,0.0,255,32767,0.0,2127-15-31,0.0,0.35,23.67,0.0,0.0,0.0,0,1.69921875,8,81,07:17,19:17,2025-03-15 23:03:25.382261,Marina di Stabia,31.1,6.639279,14.05905,5.7798514,10.930394,EU EEA Common AQI,73.8,6.5582366,13.21546,3600,4.811594,100,100,51.4,8.937198,Very Low,75.5,6.355935,100,1739186100,Very Low,9.633085,6.8510075,Very Low,6.062216,42.9,5.362319,100,1739186100,5.362319
2025-03-15T23:03:36Z,20,29.811,85.1,33,60.9,15,14,255,71,0.0,255,32767,0.0,2127-15-31,0.0,0.35,23.67,0.0,0.0,0.0,0,1.69921875,8,81,07:17,19:17,2025-03-15 23:03:36.461251,Marina di Stabia,31.1,6.639279,14.05905,5.7798514,10.930394,EU EEA Common AQI,73.8,6.5582366,13.21546,3600,4.811594,100,100,51.4,8.937198,Very Low,75.5,6.355935,100,1739186100,Very Low,9.633085,6.8510075,Very Low,6.062216,42.9,5.362319,100,1739186100,5.362319
2025-03-15T23:03:47Z,20,29.811,85.1,33,60.9,17,14,256,71,0.0,255,32767,0.0,2127-15-31,0.0,0.35,23.67,0.0,0.0,0.0,0,1.69921875,8,81,07:17,19:17,2025-03-15 23:03:47.548252,Marina di Stabia,31.1,6.639279,14.05905,5.7798514,10.930394,EU EEA Common AQI,73.8,6.5582366,13.21546,3600,4.811594,100,100,51.4,8.937198,Very Low,75.5,6.355935,100,1739186100,Very Low,9.633085,6.8510075,Very Low,6.062216,42.9,5.362319,100,1739186100,5.362319
2025-03-15T23:03:58Z,20,29.813,85.1,33,60.9,15,14,259,71,0.0,255,32767,0.0,2127-15-31,0.0,0.35,23.67,0.0,0.0,0.0,0,0.931640625,8,81,07:17,19:17,2025-03-15 23:03:58.638257,Marina di Stabia,31.1,6.639279,14.05905,5.7798514,10.930394,EU EEA Common AQI,73.8,6.5582366,13.21546,3600,4.811594,100,100,51.4,8.937198,Very Low,75.5,6.355935,100,1739186100,Very Low,9.633085,6.8510075,Very Low,6.062216,42.9,5.362319,100,1739186100,5.362319
2025-03-15T23:04:09Z,20,29.813,85.1,33,60.9,15,14,265,71,0.0,255,32767,0.0,2127-15-31,0.0,0.35,23.67,0.0,0.0,0.0,0,0.931640625,8,81,07:17,19:17,2025-03-15 23:04:09.721258,Marina di Stabia,31.1,6.639279,14.05905,5.7798514,10.930394,EU EEA Common AQI,73.8,6.5582366,13.21546,3600,4.811594,100,100,51.4,8.937198,Very Low,75.5,6.355935,100,1739186100,Very Low,9.633085,6.8510075,Very Low,6.062216,42.9,5.362319,100,1739186100,5.362319
2025-03-15T23:04:21Z,20,29.813,85.1,33,60.9,15,14,255,71,0.0,255,32767,0.0,2127-15-31,0.0,0.35,23.67,0.0,0.0,0.0,0,0.931640625,8,81,07:17,19:17,2025-03-15 23:04:20.862240,Marina di Stabia,31.1,6.639279,14.05905,5.7798514,10.930394,EU EEA Common AQI,73.8,6.5582366,13.21546,3600,4.811594,100,100,51.4,8.937198,Very Low,75.5,6.355935,100,1739186100,Very Low,9.633085,6.8510075,Very Low,6.062216,42.9,5.362319,100,1739186100,5.362319
2025-03-15T23:04:32Z,20,29.813,85.1,33,60.9,16,14,257,71,0.0,255,32767,0.0,2127-15-31,0.0,0.35,23.67,0.0,0.0,0.0,0,0.931640625,8,81,07:17,19:17,2025-03-15 23:04:31.962254,Marina di Stabia,31.1,6.639279,14.05905,5.7798514,10.930394,EU EEA Common AQI,73.8,6.5582366,13.21546,3600,4.811594,100,100,51.4,8.937198,Very Low,75.5,6.355935,100,1739186100,Very Low,9.633085,6.8510075,Very Low,6.062216,42.9,5.362319,100,1739186100,5.362319
2025-03-15T23:04:43Z,20,29.813,85.1,33,61.0,16,14,257,71,0.0,255,32767,0.0,2127-15-31,0.0,0.35,23.67,0.0,0.0,0.0,0,0.931640625,8,81,07:17,19:17,2025-03-15 23:04:43.041269,Marina di Stabia,31.1,6.639279,14.05905,5.7798514,10.930394,EU EEA Common AQI,73.8,6.5582366,13.21546,3600,4.811594,100,100,51.4,8.937198,Very Low,75.5,6.355935,100,1739186100,Very Low,9.633085,6.8510075,Very Low,6.062216,42.9,5.362319,100,1739186100,5.362319
2025-03-15T23:04:54Z,20,29.813,85.1,33,60.9,15,14,254,71,0.0,255,32767,0.0,2127-15-31,0.0,0.35,23.67,0.0,0.0,0.0,0,0.931640625,8,81,07:17,19:17,2025-03-15 23:04:54.151263,Marina di Stabia,31.1,6.639279,14.05905,5.7798514,10.930394,EU EEA Common AQI,73.8,6.5582366,13.21546,3600,4.811594,100,100,51.4,8.937198,Very Low,75.5,6.355935,100,1739186100,Very Low,9.633085,6.8510075,Very Low,6.062216,42.9,5.362319,100,1739186100,5.362319
2025-03-15T23:05:05Z,20,29.816,85.1,33,60.9,14,15,254,71,0.0,255,32767,0.0,2127-15-31,0.0,0.35,23.67,0.0,0.0,0.0,0,0.92578125,8,81,07:17,19:17,2025-03-15 23:05:05.240258,Marina di Stabia,31.1,6.639279,14.05905,5.7798514,10.930394,EU EEA Common AQI,73.8,6.5582366,13.21546,3600,4.811594,100,100,51.4,8.937198,Very Low,75.5,6.355935,100,1739186100,Very Low,9.633085,6.8510075,Very Low,6.062216,42.9,5.362319,100,1739186100,5.362319
2025-03-15T23:05:16Z,20,29.816,85.1,33,60.9,14,15,262,71,0.0,255,32767,0.0,2127-15-31,0.0,0.35,23.67,0.0,0.0,0.0,0,0.92578125,8,81,07:17,19:17,2025-03-15 23:05:16.332253,Marina di Stabia,31.1,6.639279,14.05905,5.7798514,10.930394,EU EEA Common AQI,73.8,6.5582366,13.21546,3600,4.811594,100,100,51.4,8.937198,Very Low,75.5,6.355935,100,1739186100,Very Low,9.633085,6.8510075,Very Low,6.062216,42.9,5.362319,100,1739186100,5.362319
2025-03-15T23:05:27Z,20,29.816,85.1,33,60.9,17,15,253,71,0.0,255,32767,0.0,2127-15-31,0.0,0.35,23.67,0.0,0.0,0.0,0,0.92578125,8,81,07:17,19:17,2025-03-15 23:05:27.464255,Marina di Stabia,31.1,6.639279,14.05905,5.7798514,10.930394,EU EEA Common AQI,73.8,6.5582366,13.21546,3600,4.811594,100,100,51.4,8.937198,Very Low,75.5,6.355935,100,1739186100,Very Low,9.633085,6.8510075,Very Low,6.062216,42.9,5.362319,100,1739186100,5.362319
2025-03-15T23:05:38Z,20,29.816,85.1,33,60.9,18,15,252,71,0.0,255,32767,0.0,2127-15-31,0.0,0.35,23.67,0.0,0.0,0.0,0,0.92578125,8,81,07:17,19:17,2025-03-15 23:05:38.552255,Marina di Stabia,31.1,6.639279,14.05905,5.7798514,10.930394,EU EEA Common AQI,73.8,6.5582366,13.21546,3600,4.811594,100,100,51.4,8.937198,Very Low,75.5,6.355935,100,1739186100,Very Low,9.633085,6.8510075,Very Low,6.062216,42.9,5.362319,100,1739186100,5.362319
2025-03-15T23:05:49Z,20,29.816,85.1,33,60.9,17,15,252,71,0.0,255,32767,0.0,2127-15-31,0.0,0.35,23.67,0.0,0.0,0.0,0,0.92578125,8,81,07:17,19:17,2025-03-15 23:05:49.670261,Marina di Stabia,31.1,6.639279,14.05905,5.7798514,10.930394,EU EEA Common AQI,73.8,6.5582366,13.21546,3600,4.811594,100,100,51.4,8.937198,Very Low,75.5,6.355935,100,1739186100,Very Low,9.633085,6.8510075,Very Low,6.062216,42.9,5.362319,100,1739186100,5.362319
2025-03-15T23:06:00Z,20,29.813,85.1,33,60.9,17,15,253,71,0.0,255,32767,0.0,2127-15-31,0.0,0.35,23.67,0.0,0.0,0.0,0,0.9609375,8,81,07:17,19:17,2025-03-15 23:06:00.767222,Marina di Stabia,31.1,6.639279,14.05905,5.7798514,10.930394,EU EEA Common AQI,73.8,6.5582366,13.21546,3600,4.811594,100,100,51.4,8.937198,Very Low,75.5,6.355935,100,1739186100,Very Low,9.633085,6.8510075,Very Low,6.062216,42.9,5.362319,100,1739186100,5.362319
2025-03-15T23:06:12Z,20,29.813,85.1,33,60.9,17,15,252,71,0.0,255,32767,0.0,2127-15-31,0.0,0.35,23.67,0.0,0.0,0.0,0,0.9609375,8,81,07:17,19:17,2025-03-15 23:06:11.853258,Marina di Stabia,31.1,6.639279,14.05905,5.7798514,10.930394,EU EEA Common AQI,73.8,6.5582366,13.21546,3600,4.811594,100,100,51.4,8.937198,Very Low,75.5,6.355935,100,1739186100,Very Low,9.633085,6.8510075,Very Low,6.062216,42.9,5.362319,100,1739186100,5.362319
2025-03-15T23:06:36Z,20,29.813,85.1,33,60.9,16,15,256,71,0.0,255,32767,0.0,2127-15-31,0.0,0.35,23.67,0.0,0.0,0.0,0,0.9609375,8,81,07:17,19:17,2025-03-15 23:06:36.496267,Marina di Stabia,31.1,6.639279,14.05905,5.7798514,10.930394,EU EEA Common AQI,73.8,6.5582366,13.21546,3600,4.811594,100,100,51.4,8.937198,Very Low,75.5,6.355935,100,1739186100,Very Low,9.633085,6.8510075,Very Low,6.062216,42.9,5.362319,100,1739186100,5.362319
2025-03-15T23:06:47Z,20,29.813,85.1,33,60.9,18,15,252,71,0.0,255,32767,0.0,2127-15-31,0.0,0.35,23.67,0.0,0.0,0.0,0,0.9609375,8,81,07:17,19:17,2025-03-15 23:06:47.609271,Marina di Stabia,31.1,6.639279,14.05905,5.7798514,10.930394,EU EEA Common AQI,73.8,6.5582366,13.21546,3600,4.811594,100,100,51.4,8.937198,Very Low,75.5,6.355935,100,1739186100,Very Low,9.633085,6.8510075,Very Low,6.062216,42.9,5.362319,100,1739186100,5.362319
2025-03-15T23:06:58Z,20,29.815,85.1,33,60.9,17,15,254,71,0.0,255,32767,0.0,2127-15-31,0.0,0.35,23.67,0.0,0.0,0.0,0,0.92578125,8,81,07:17,19:17,2025-03-15 23:06:58.726257,Marina di Stabia,31.1,6.639279,14.05905,5.7798514,10.930394,EU EEA Common AQI,73.8,6.5582366,13.21546,3600,4.811594,100,100,51.4,8.937198,Very Low,75.5,6.355935,100,1739186100,Very Low,9.633085,6.8510075,Very Low,6.062216,42.9,5.362319,100,1739186100,5.362319
2025-03-15T23:07:10Z,20,29.815,85.1,33,60.8,17,15,253,71,0.0,255,32767,0.0,2127-15-31,0.0,0.35,23.67,0.0,0.0,0.0,0,0.92578125,8,81,07:17,19:17,2025-03-15 23:07:09.808272,Marina di Stabia,31.1,6.639279,14.05905,5.7798514,10.930394,EU EEA Common AQI,73.8,6.5582366,13.21546,3600,4.811594,100,100,51.4,8.937198,Very Low,75.5,6.355935,100,1739186100,Very Low,9.633085,6.8510075,Very Low,6.062216,42.9,5.362319,100,1739186100,5.362319
2025-03-15T23:07:21Z,20,29.815,85.1,33,60.9,19,15,251,71,0.0,255,32767,0.0,2127-15-31,0.0,0.35,23.67,0.0,0.0,0.0,0,0.92578125,8,81,07:17,19:17,2025-03-15 23:07:20.899255,Marina di Stabia,31.1,6.639279,14.05905,5.7798514,10.930394,EU EEA Common AQI,73.8,6.5582366,13.21546,3600,4.811594,100,100,51.4,8.937198,Very Low,75.5,6.355935,100,1739186100,Very Low,9.633085,6.8510075,Very Low,6.062216,42.9,5.362319,100,1739186100,5.362319
2025-03-15T23:07:32Z,20,29.815,85.1,33,60.9,19,15,251,71,0.0,255,32767,0.0,2127-15-31,0.0,0.35,23.67,0.0,0.0,0.0,0,0.92578125,8,81,07:17,19:17,2025-03-15 23:07:32.017261,Marina di Stabia,31.1,6.639279,14.05905,5.7798514,10.930394,EU EEA Common AQI,73.8,6.5582366,13.21546,3600,4.811594,100,100,51.4,8.937198,Very Low,75.5,6.355935,100,1739186100,Very Low,9.633085,6.8510075,Very Low,6.062216,42.9,5.362319,100,1739186100,5.362319
2025-03-15T23:07:43Z,20,29.815,85.1,33,60.9,18,15,248,72,0.0,255,32767,0.0,2127-15-31,0.0,0.35,23.67,0.0,0.0,0.0,0,0.92578125,8,81,07:17,19:17,2025-03-15 23:07:43.088254,Marina di Stabia,31.1,6.639279,14.05905,5.7798514,10.930394,EU EEA Common AQI,73.8,6.5582366,13.21546,3600,4.811594,100,100,51.4,8.937198,Very Low,75.5,6.355935,100,1739186100,Very Low,9.633085,6.8510075,Very Low,6.062216,42.9,5.362319,100,1739186100,5.362319
2025-03-15T23:07:54Z,20,29.815,85.1,33,60.9,18,15,248,72,0.0,255,32767,0.0,2127-15-31,0.0,0.35,23.67,0.0,0.0,0.0,0,0.92578125,8,81,07:17,19:17,2025-03-15 23:07:54.167262,Marina di Stabia,31.1,6.639279,14.05905,5.7798514,10.930394,EU EEA Common AQI,73.8,6.5582366,13.21546,3600,4.811594,100,100,51.4,8.937198,Very Low,75.5,6.355935,100,1739186100,Very Low,9.633085,6.8510075,Very Low,6.062216,42.9,5.362319,100,1739186100,5.362319
2025-03-15T23:08:05Z,20,29.816,85.2,33,60.9,17,15,250,72,0.0,255,32767,0.0,2127-15-31,0.0,0.35,23.67,0.0,0.0,0.0,0,1.23046875,8,81,07:17,19:17,2025-03-15 23:08:05.247257,Marina di Stabia,31.1,6.639279,14.05905,5.7798514,10.930394,EU EEA Common AQI,73.8,6.5582366,13.21546,3600,4.811594,100,100,51.4,8.937198,Very Low,75.5,6.355935,100,1739186100,Very Low,9.633085,6.8510075,Very Low,6.062216,42.9,5.362319,100,1739186100,5.362319
2025-03-15T23:08:16Z,20,29.816,85.2,33,60.8,18,15,244,72,0.0,255,32767,0.0,2127-15-31,0.0,0.35,23.67,0.0,0.0,0.0,0,1.23046875,8,81,07:17,19:17,2025-03-15 23:08:16.336263,Marina di Stabia,31.1,6.639279,14.05905,5.7798514,10.930394,EU EEA Common AQI,73.8,6.5582366,13.21546,3600,4.811594,100,100,51.4,8.937198,Very Low,75.5,6.355935,100,1739186100,Very Low,9.633085,6.8510075,Very Low,6.062216,42.9,5.362319,100,1739186100,5.362319
2025-03-15T23:08:27Z,20,29.816,85.2,33,60.9,18,15,248,72,0.0,255,32767,0.0,2127-15-31,0.0,0.35,23.67,0.0,0.0,0.0,0,1.23046875,8,81,07:17,19:17,2025-03-15 23:08:27.431263,Marina di Stabia,31.1,6.639279,14.05905,5.7798514,10.930394,EU EEA Common AQI,73.8,6.5582366,13.21546,3600,4.811594,100,100,51.4,8.937198,Very Low,75.5,6.355935,100,1739186100,Very Low,9.633085,6.8510075,Very Low,6.062216,42.9,5.362319,100,1739186100,5.362319
2025-03-15T23:08:38Z,20,29.816,85.2,33,60.9,19,15,253,72,0.0,255,32767,0.0,2127-15-31,0.0,0.35,23.67,0.0,0.0,0.0,0,1.23046875,8,81,07:17,19:17,2025-03-15 23:08:38.557254,Marina di Stabia,31.1,6.639279,14.05905,5.7798514,10.930394,EU EEA Common AQI,73.8,6.5582366,13.21546,3600,4.811594,100,100,51.4,8.937198,Very Low,75.5,6.355935,100,1739186100,Very Low,9.633085,6.8510075,Very Low,6.062216,42.9,5.362319,100,1739186100,5.362319
2025-03-15T23:08:49Z,20,29.816,85.2,33,60.9,17,15,244,72,0.0,255,32767,0.0,2127-15-31,0.0,0.35,23.67,0.0,0.0,0.0,0,1.23046875,8,81,07:17,19:17,2025-03-15 23:08:49.643259,Marina di Stabia,31.1,6.639279,14.05905,5.7798514,10.930394,EU EEA Common AQI,73.8,6.5582366,13.21546,3600,4.811594,100,100,51.4,8.937198,Very Low,75.5,6.355935,100,1739186100,Very Low,9.633085,6.8510075,Very Low,6.062216,42.9,5.362319,100,1739186100,5.362319
2025-03-15T23:09:00Z,20,29.816,85.2,33,60.8,18,16,246,72,0.0,255,32767,0.0,2127-15-31,0.0,0.35,23.67,0.0,0.0,0.0,0,0.92578125,8,81,07:17,19:17,2025-03-15 23:09:00.748263,Marina di Stabia,31.1,6.639279,14.05905,5.7798514,10.930394,EU EEA Common AQI,73.8,6.5582366,13.21546,3600,4.811594,100,100,51.4,8.937198,Very Low,75.5,6.355935,100,1739186100,Very Low,9.633085,6.8510075,Very Low,6.062216,42.9,5.362319,100,1739186100,5.362319
2025-03-15T23:09:12Z,20,29.816,85.2,33,60.8,17,16,244,72,0.0,255,32767,0.0,2127-15-31,0.0,0.35,23.67,0.0,0.0,0.0,0,0.92578125,8,81,07:17,19:17,2025-03-15 23:09:11.844260,Marina di Stabia,31.1,6.639279,14.05905,5.7798514,10.930394,EU EEA Common AQI,73.8,6.5582366,13.21546,3600,4.811594,100,100,51.4,8.937198,Very Low,75.5,6.355935,100,1739186100,Very Low,9.633085,6.8510075,Very Low,6.062216,42.9,5.362319,100,1739186100,5.362319
2025-03-15T23:09:23Z,20,29.816,85.2,33,60.8,17,16,244,71,0.0,255,32767,0.0,2127-15-31,0.0,0.35,23.67,0.0,0.0,0.0,0,0.92578125,8,81,07:17,19:17,2025-03-15 23:09:22.936260,Marina di Stabia,31.1,6.639279,14.05905,5.7798514,10.930394,EU EEA Common AQI,73.8,6.5582366,13.21546,3600,4.811594,100,100,51.4,8.937198,Very Low,75.5,6.355935,100,1739186100,Very Low,9.633085,6.8510075,Very Low,6.062216,42.9,5.362319,100,1739186100,5.362319
2025-03-15T23:09:34Z,20,29.816,85.2,33,60.8,17,16,252,71,0.0,255,32767,0.0,2127-15-31,0.0,0.35,23.67,0.0,0.0,0.0,0,0.92578125,8,81,07:17,19:17,2025-03-15 23:09:34.020256,Marina di Stabia,31.1,6.639279,14.05905,5.7798514,10.930394,EU EEA Common AQI,73.8,6.5582366,13.21546,3600,4.811594,100,100,51.4,8.937198,Very Low,75.5,6.355935,100,1739186100,Very Low,9.633085,6.8510075,Very Low,6.062216,42.9,5.362319,100,1739186100,5.362319
2025-03-15T23:09:45Z,20,29.816,85.2,33,60.9,17,16,248,71,0.0,255,32767,0.0,2127-15-31,0.0,0.35,23.67,0.0,0.0,0.0,0,0.92578125,8,81,07:17,19:17,2025-03-15 23:09:45.145259,Marina di Stabia,31.1,6.639279,14.05905,5.7798514,10.930394,EU EEA Common AQI,73.8,6.5582366,13.21546,3600,4.811594,100,100,51.4,8.937198,Very Low,75.5,6.355935,100,1739186100,Very Low,9.633085,6.8510075,Very Low,6.062216,42.9,5.362319,100,1739186100,5.362319
2025-03-15T23:09:56Z,20,29.816,85.2,33,60.9,15,16,253,71,0.0,255,32767,0.0,2127-15-31,0.0,0.35,23.67,0.0,0.0,0.0,0,0.90234375,8,81,07:17,19:17,2025-03-15 23:09:56.526263,Marina di Stabia,31.1,6.639279,14.05905,5.7798514,10.930394,EU EEA Common AQI,73.8,6.5582366,13.21546,3600,4.811594,100,100,51.4,8.937198,Very Low,75.5,6.355935,100,1739186100,Very Low,9.633085,6.8510075,Very Low,6.062216,42.9,5.362319,100,1739186100,5.362319
2025-03-15T23:10:07Z,20,29.816,85.2,33,60.9,16,16,243,71,0.0,255,32767,0.0,2127-15-31,0.0,0.35,23.67,0.0,0.0,0.0,0,0.90234375,8,81,07:17,19:17,2025-03-15 23:10:07.611261,Marina di Stabia,31.1,6.639279,14.05905,5.7798514,10.930394,EU EEA Common AQI,73.8,6.5582366,13.21546,3600,4.811594,100,100,51.4,8.937198,Very Low,75.5,6.355935,100,1739186100,Very Low,9.633085,6.8510075,Very Low,6.062216,42.9,5.362319,100,1739186100,5.362319
2025-03-15T23:10:18Z,20,29.816,85.2,33,60.8,16,16,250,71,0.0,255,32767,0.0,2127-15-31,0.0,0.35,23.67,0.0,0.0,0.0,0,0.90234375,8,81,07:17,19:17,2025-03-15 23:10:18.703257,Marina di Stabia,31.1,6.639279,14.05905,5.7798514,10.930394,EU EEA Common AQI,73.8,6.5582366,13.21546,3600,4.811594,100,100,51.4,8.937198,Very Low,75.5,6.355935,100,1739186100,Very Low,9.633085,6.8510075,Very Low,6.062216,42.9,5.362319,100,1739186100,5.362319
2025-03-15T23:10:29Z,20,29.816,85.2,33,60.8,17,16,250,71,0.0,255,32767,0.0,2127-15-31,0.0,0.35,23.67,0.0,0.0,0.0,0,0.90234375,8,81,07:17,19:17,2025-03-15 23:10:29.761227,Marina di Stabia,31.1,6.639279,14.05905,5.7798514,10.930394,EU EEA Common AQI,73.8,6.5582366,13.21546,3600,4.811594,100,100,51.4,8.937198,Very Low,75.5,6.355935,100,1739186100,Very Low,9.633085,6.8510075,Very Low,6.062216,42.9,5.362319,100,1739186100,5.362319
2025-03-15T23:10:41Z,20,29.816,85.2,33,60.8,14,16,242,71,0.0,255,32767,0.0,2127-15-31,0.0,0.35,23.67,0.0,0.0,0.0,0,0.90234375,8,81,07:17,19:17,2025-03-15 23:10:40.842263,Marina di Stabia,31.1,6.639279,14.05905,5.7798514,10.930394,EU EEA Common AQI,73.8,6.5582366,13.21546,3600,4.811594,100,100,51.4,8.937198,Very Low,75.5,6.355935,100,1739186100,Very Low,9.633085,6.8510075,Very Low,6.062216,42.9,5.362319,100,1739186100,5.362319
2025-03-15T23:10:52Z,20,29.816,85.2,33,60.8,14,16,244,71,0.0,255,32767,0.0,2127-15-31,0.0,0.35,23.67,0.0,0.0,0.0,0,0.90234375,8,81,07:17,19:17,2025-03-15 23:10:51.973246,Marina di Stabia,31.1,6.639279,14.05905,5.7798514,10.930394,EU EEA Common AQI,73.8,6.5582366,13.21546,3600,4.811594,100,100,51.4,8.937198,Very Low,75.5,6.355935,100,1739186100,Very Low,9.633085,6.8510075,Very Low,6.062216,42.9,5.362319,100,1739186100,5.362319
2025-03-15T23:11:03Z,20,29.817,85.1,33,60.8,16,16,248,74,0.0,255,32767,0.0,2127-15-31,0.0,0.35,23.67,0.0,0.0,0.0,0,0.97265625,8,81,07:17,19:17,2025-03-15 23:11:03.050221,Marina di Stabia,31.1,6.639279,14.05905,5.7798514,10.930394,EU EEA Common AQI,73.8,6.5582366,13.21546,3600,4.811594,100,100,51.4,8.937198,Very Low,75.5,6.355935,100,1739186100,Very Low,9.633085,6.8510075,Very Low,6.062216,42.9,5.362319,100,1739186100,5.362319
2025-03-15T23:11:14Z,20,29.817,85.1,33,60.8,17,16,244,74,0.0,255,32767,0.0,2127-15-31,0.0,0.35,23.67,0.0,0.0,0.0,0,0.97265625,8,81,07:17,19:17,2025-03-15 23:11:14.133254,Marina di Stabia,31.1,6.639279,14.05905,5.7798514,10.930394,EU EEA Common AQI,73.8,6.5582366,13.21546,3600,4.811594,100,100,51.4,8.937198,Very Low,75.5,6.355935,100,1739186100,Very Low,9.633085,6.8510075,Very Low,6.062216,42.9,5.362319,100,1739186100,5.362319
2025-03-15T23:11:25Z,20,29.817,85.1,33,60.8,19,16,244,74,0.0,255,32767,0.0,2127-15-31,0.0,0.35,23.67,0.0,0.0,0.0,0,0.97265625,8,81,07:17,19:17,2025-03-15 23:11:25.258274,Marina di Stabia,31.1,6.639279,14.05905,5.7798514,10.930394,EU EEA Common AQI,73.8,6.5582366,13.21546,3600,4.811594,100,100,51.4,8.937198,Very Low,75.5,6.355935,100,1739186100,Very Low,9.633085,6.8510075,Very Low,6.062216,42.9,5.362319,100,1739186100,5.362319
2025-03-15T23:11:36Z,20,29.817,85.1,33,60.8,16,16,250,74,0.0,255,32767,0.0,2127-15-31,0.0,0.35,23.67,0.0,0.0,0.0,0,0.97265625,8,81,07:17,19:17,2025-03-15 23:11:36.352217,Marina di Stabia,31.1,6.639279,14.05905,5.7798514,10.930394,EU EEA Common AQI,73.8,6.5582366,13.21546,3600,4.811594,100,100,51.4,8.937198,Very Low,75.5,6.355935,100,1739186100,Very Low,9.633085,6.8510075,Very Low,6.062216,42.9,5.362319,100,1739186100,5.362319
2025-03-15T23:11:47Z,20,29.817,85.1,33,60.8,18,16,247,74,0.0,255,32767,0.0,2127-15-31,0.0,0.35,23.67,0.0,0.0,0.0,0,0.97265625,8,81,07:17,19:17,2025-03-15 23:11:47.443260,Marina di Stabia,31.1,6.639279,14.05905,5.7798514,10.930394,EU EEA Common AQI,73.8,6.5582366,13.21546,3600,4.811594,100,100,51.4,8.937198,Very Low,75.5,6.355935,100,1739186100,Very Low,9.633085,6.8510075,Very Low,6.062216,42.9,5.362319,100,1739186100,5.362319
2025-03-15T23:11:58Z,20,29.815,85.2,33,60.8,18,16,248,72,0.0,255,32767,0.0,2127-15-31,0.0,0.35,23.67,0.0,0.0,0.0,0,0.92578125,8,81,07:17,19:17,2025-03-15 23:11:58.551259,Marina di Stabia,31.1,6.639279,14.05905,5.7798514,10.930394,EU EEA Common AQI,73.8,6.5582366,13.21546,3600,4.811594,100,100,51.4,8.937198,Very Low,75.5,6.355935,100,1739186100,Very Low,9.633085,6.8510075,Very Low,6.062216,42.9,5.362319,100,1739186100,5.362319
2025-03-15T23:12:09Z,20,29.815,85.2,33,60.8,18,16,249,72,0.0,255,32767,0.0,2127-15-31,0.0,0.35,23.67,0.0,0.0,0.0,0,0.92578125,8,81,07:17,19:17,2025-03-15 23:12:09.648261,Marina di Stabia,31.1,6.639279,14.05905,5.7798514,10.930394,EU EEA Common AQI,73.8,6.5582366,13.21546,3600,4.811594,100,100,51.4,8.937198,Very Low,75.5,6.355935,100,1739186100,Very Low,9.633085,6.8510075,Very Low,6.062216,42.9,5.362319,100,1739186100,5.362319
2025-03-15T23:12:20Z,20,29.815,85.2,33,60.7,19,16,252,72,0.0,255,32767,0.0,2127-15-31,0.0,0.35,23.67,0.0,0.0,0.0,0,0.92578125,8,81,07:17,19:17,2025-03-15 23:12:20.743256,Marina di Stabia,31.1,6.639279,14.05905,5.7798514,10.930394,EU EEA Common AQI,73.8,6.5582366,13.21546,3600,4.811594,100,100,51.4,8.937198,Very Low,75.5,6.355935,100,1739186100,Very Low,9.633085,6.8510075,Very Low,6.062216,42.9,5.362319,100,1739186100,5.362319
2025-03-15T23:12:32Z,20,29.815,85.2,33,60.7,17,16,249,72,0.0,255,32767,0.0,2127-15-31,0.0,0.35,23.67,0.0,0.0,0.0,0,0.92578125,8,81,07:17,19:17,2025-03-15 23:12:31.824254,Marina di Stabia,31.1,6.639279,14.05905,5.7798514,10.930394,EU EEA Common AQI,73.8,6.5582366,13.21546,3600,4.811594,100,100,51.4,8.937198,Very Low,75.5,6.355935,100,1739186100,Very Low,9.633085,6.8510075,Very Low,6.062216,42.9,5.362319,100,1739186100,5.362319
2025-03-15T23:12:43Z,20,29.815,85.2,33,60.7,18,16,249,72,0.0,255,32767,0.0,2127-15-31,0.0,0.35,23.67,0.0,0.0,0.0,0,0.92578125,8,81,07:17,19:17,2025-03-15 23:12:42.926259,Marina di Stabia,31.1,6.639279,14.05905,5.7798514,10.930394,EU EEA Common AQI,73.8,6.5582366,13.21546,3600,4.811594,100,100,51.4,8.937198,Very Low,75.5,6.355935,100,1739186100,Very Low,9.633085,6.8510075,Very Low,6.062216,42.9,5.362319,100,1739186100,5.362319
2025-03-15T23:12:54Z,20,29.815,85.2,33,60.7,16,16,252,72,0.0,255,32767,0.0,2127-15-31,0.0,0.35,23.67,0.0,0.0,0.0,0,0.92578125,8,81,07:17,19:17,2025-03-15 23:12:54.015257,Marina di Stabia,31.1,6.639279,14.05905,5.7798514,10.930394,EU EEA Common AQI,73.8,6.5582366,13.21546,3600,4.811594,100,100,51.4,8.937198,Very Low,75.5,6.355935,100,1739186100,Very Low,9.633085,6.8510075,Very Low,6.062216,42.9,5.362319,100,1739186100,5.362319
2025-03-15T23:13:05Z,20,29.817,85.1,33,60.7,18,17,247,72,0.0,255,32767,0.0,2127-15-31,0.0,0.35,23.67,0.0,0.0,0.0,0,1.03125,8,81,07:17,19:17,2025-03-15 23:13:05.130255,Marina di Stabia,31.1,6.639279,14.05905,5.7798514,10.930394,EU EEA Common AQI,73.8,6.5582366,13.21546,3600,4.811594,100,100,51.4,8.937198,Very Low,75.5,6.355935,100,1739186100,Very Low,9.633085,6.8510075,Very Low,6.062216,42.9,5.362319,100,1739186100,5.362319
2025-03-15T23:13:16Z,20,29.817,85.1,33,60.7,18,17,248,72,0.0,255,32767,0.0,2127-15-31,0.0,0.35,23.67,0.0,0.0,0.0,0,1.03125,8,81,07:17,19:17,2025-03-15 23:13:16.217258,Marina di Stabia,31.1,6.639279,14.05905,5.7798514,10.930394,EU EEA Common AQI,73.8,6.5582366,13.21546,3600,4.811594,100,100,51.4,8.937198,Very Low,75.5,6.355935,100,1739186100,Very Low,9.633085,6.8510075,Very Low,6.062216,42.9,5.362319,100,1739186100,5.362319
2025-03-15T23:13:27Z,20,29.817,85.1,33,60.7,20,17,246,72,0.0,255,32767,0.0,2127-15-31,0.0,0.35,23.67,0.0,0.0,0.0,0,1.03125,8,81,07:17,19:17,2025-03-15 23:13:27.303258,Marina di Stabia,31.1,6.639279,14.05905,5.7798514,10.930394,EU EEA Common AQI,73.8,6.5582366,13.21546,3600,4.811594,100,100,51.4,8.937198,Very Low,75.5,6.355935,100,1739186100,Very Low,9.633085,6.8510075,Very Low,6.062216,42.9,5.362319,100,1739186100,5.362319
2025-03-15T23:13:38Z,20,29.817,85.1,33,60.7,20,17,241,72,0.0,255,32767,0.0,2127-15-31,0.0,0.35,23.67,0.0,0.0,0.0,0,1.03125,8,81,07:17,19:17,2025-03-15 23:13:38.379261,Marina di Stabia,31.1,6.639279,14.05905,5.7798514,10.930394,EU EEA Common AQI,73.8,6.5582366,13.21546,3600,4.811594,100,100,51.4,8.937198,Very Low,75.5,6.355935,100,1739186100,Very Low,9.633085,6.8510075,Very Low,6.062216,42.9,5.362319,100,1739186100,5.362319
2025-03-15T23:13:49Z,20,29.817,85.1,33,60.7,19,17,240,72,0.0,255,32767,0.0,2127-15-31,0.0,0.35,23.67,0.0,0.0,0.0,0,1.03125,8,81,07:17,19:17,2025-03-15 23:13:49.484262,Marina di Stabia,31.1,6.639279,14.05905,5.7798514,10.930394,EU EEA Common AQI,73.8,6.5582366,13.21546,3600,4.811594,100,100,51.4,8.937198,Very Low,75.5,6.355935,100,1739186100,Very Low,9.633085,6.8510075,Very Low,6.062216,42.9,5.362319,100,1739186100,5.362319
2025-03-15T23:14:00Z,20,29.818,85.1,33,60.6,16,17,242,72,0.0,255,32767,0.0,2127-15-31,0.0,0.35,23.67,0.0,0.0,0.0,0,0.92578125,8,81,07:17,19:17,2025-03-15 23:14:00.572264,Marina di Stabia,31.1,6.639279,14.05905,5.7798514,10.930394,EU EEA Common AQI,73.8,6.5582366,13.21546,3600,4.811594,100,100,51.4,8.937198,Very Low,75.5,6.355935,100,1739186100,Very Low,9.633085,6.8510075,Very Low,6.062216,42.9,5.362319,100,1739186100,5.362319
2025-03-15T23:14:11Z,20,29.818,85.1,33,60.7,19,17,238,72,0.0,255,32767,0.0,2127-15-31,0.0,0.35,23.67,0.0,0.0,0.0,0,0.92578125,8,81,07:17,19:17,2025-03-15 23:14:11.686264,Marina di Stabia,31.1,6.639279,14.05905,5.7798514,10.930394,EU EEA Common AQI,73.8,6.5582366,13.21546,3600,4.811594,100,100,51.4,8.937198,Very Low,75.5,6.355935,100,1739186100,Very Low,9.633085,6.8510075,Very Low,6.062216,42.9,5.362319,100,1739186100,5.362319
2025-03-15T23:14:22Z,20,29.818,85.1,33,60.7,17,17,241,72,0.0,255,32767,0.0,2127-15-31,0.0,0.35,23.67,0.0,0.0,0.0,0,0.92578125,8,81,07:17,19:17,2025-03-15 23:14:22.779253,Marina di Stabia,31.1,6.639279,14.05905,5.7798514,10.930394,EU EEA Common AQI,73.8,6.5582366,13.21546,3600,4.811594,100,100,51.4,8.937198,Very Low,75.5,6.355935,100,1739186100,Very Low,9.633085,6.8510075,Very Low,6.062216,42.9,5.362319,100,1739186100,5.362319
2025-03-15T23:14:34Z,20,29.818,85.1,33,60.7,15,17,240,72,0.0,255,32767,0.0,2127-15-31,0.0,0.35,23.67,0.0,0.0,0.0,0,0.92578125,8,81,07:17,19:17,2025-03-15 23:14:33.860266,Marina di Stabia,31.1,6.639279,14.05905,5.7798514,10.930394,EU EEA Common AQI,73.8,6.5582366,13.21546,3600,4.811594,100,100,51.4,8.937198,Very Low,75.5,6.355935,100,1739186100,Very Low,9.633085,6.8510075,Very Low,6.062216,42.9,5.362319,100,1739186100,5.362319
2025-03-15T23:14:45Z,20,29.818,85.1,33,60.6,15,17,244,72,0.0,255,32767,0.0,2127-15-31,0.0,0.35,23.67,0.0,0.0,0.0,0,0.92578125,8,81,07:17,19:17,2025-03-15 23:14:44.941262,Marina di Stabia,31.1,6.639279,14.05905,5.7798514,10.930394,EU EEA Common AQI,73.8,6.5582366,13.21546,3600,4.811594,100,100,51.4,8.937198,Very Low,75.5,6.355935,100,1739186100,Very Low,9.633085,6.8510075,Very Low,6.062216,42.9,5.362319,100,1739186100,5.362319
2025-03-15T23:14:56Z,20,29.818,85.1,33,60.6,17,17,244,72,0.0,255,32767,0.0,2127-15-31,0.0,0.35,23.67,0.0,0.0,0.0,0,0.92578125,8,81,07:17,19:17,2025-03-15 23:14:56.044259,Marina di Stabia,31.1,6.639279,14.05905,5.7798514,10.930394,EU EEA Common AQI,73.8,6.5582366,13.21546,3600,4.811594,100,100,51.4,8.937198,Very Low,75.5,6.355935,100,1739186100,Very Low,9.633085,6.8510075,Very Low,6.062216,42.9,5.362319,100,1739186100,5.362319
2025-03-15T23:15:07Z,20,29.815,85.1,33,60.6,16,17,238,72,0.0,255,32767,0.0,2127-15-31,0.0,0.35,23.67,0.0,0.0,0.0,0,1.828125,8,81,07:17,19:17,2025-03-15 23:15:07.129259,Marina di Stabia,31.1,6.639279,14.05905,5.7798514,10.930394,EU EEA Common AQI,73.8,6.5582366,13.21546,3600,4.811594,100,100,51.4,8.937198,Very Low,75.5,6.355935,100,1739186100,Very Low,9.633085,6.8510075,Very Low,6.062216,42.9,5.362319,100,1739186100,5.362319
2025-03-15T23:15:18Z,20,29.815,85.1,33,60.6,18,17,244,73,0.0,255,32767,0.0,2127-15-31,0.0,0.35,23.67,0.0,0.0,0.0,0,1.828125,8,81,07:17,19:17,2025-03-15 23:15:18.236254,Marina di Stabia,31.1,6.639279,14.05905,5.7798514,10.930394,EU EEA Common AQI,73.8,6.5582366,13.21546,3600,4.811594,100,100,51.4,8.937198,Very Low,75.5,6.355935,100,1739186100,Very Low,9.633085,6.8510075,Very Low,6.062216,42.9,5.362319,100,1739186100,5.362319
2025-03-15T23:15:29Z,20,29.815,85.1,33,60.6,20,17,235,73,0.0,255,32767,0.0,2127-15-31,0.0,0.35,23.67,0.0,0.0,0.0,0,1.828125,8,81,07:17,19:17,2025-03-15 23:15:29.326254,Marina di Stabia,31.1,6.639279,14.05905,5.7798514,10.930394,EU EEA Common AQI,73.8,6.5582366,13.21546,3600,4.811594,100,100,51.4,8.937198,Very Low,75.5,6.355935,100,1739186100,Very Low,9.633085,6.8510075,Very Low,6.062216,42.9,5.362319,100,1739186100,5.362319
2025-03-15T23:15:40Z,20,29.815,85.1,33,60.6,19,17,246,73,0.0,255,32767,0.0,2127-15-31,0.0,0.35,23.67,0.0,0.0,0.0,0,1.828125,8,81,07:17,19:17,2025-03-15 23:15:40.412242,Marina di Stabia,31.1,6.639279,14.05905,5.7798514,10.930394,EU EEA Common AQI,73.8,6.5582366,13.21546,3600,4.811594,100,100,51.4,8.937198,Very Low,75.5,6.355935,100,1739186100,Very Low,9.633085,6.8510075,Very Low,6.062216,42.9,5.362319,100,1739186100,5.362319
2025-03-15T23:15:51Z,20,29.815,85.1,33,60.6,17,17,239,73,0.0,255,32767,0.0,2127-15-31,0.0,0.35,23.67,0.0,0.0,0.0,0,1.828125,8,81,07:17,19:17,2025-03-15 23:15:51.504269,Marina di Stabia,31.1,6.639279,14.05905,5.7798514,10.930394,EU EEA Common AQI,73.8,6.5582366,13.21546,3600,4.811594,100,100,51.4,8.937198,Very Low,75.5,6.355935,100,1739186100,Very Low,9.633085,6.8510075,Very Low,6.062216,42.9,5.362319,100,1739186100,5.362319
2025-03-15T23:16:02Z,20,29.818,85.1,33,60.6,18,17,250,73,0.0,255,32767,0.0,2127-15-31,0.0,0.35,23.67,0.0,0.0,0.0,0,1.025390625,8,81,07:17,19:17,2025-03-15 23:16:02.591272,Marina di Stabia,31.1,6.639279,14.05905,5.7798514,10.930394,EU EEA Common AQI,73.8,6.5582366,13.21546,3600,4.811594,100,100,51.4,8.937198,Very Low,75.5,6.355935,100,1739186100,Very Low,9.633085,6.8510075,Very Low,6.062216,42.9,5.362319,100,1739186100,5.362319
2025-03-15T23:16:13Z,20,29.818,85.1,33,60.6,17,17,247,73,0.0,255,32767,0.0,2127-15-31,0.0,0.35,23.67,0.0,0.0,0.0,0,1.025390625,8,81,07:17,19:17,2025-03-15 23:16:13.717269,Marina di Stabia,31.1,6.639279,14.05905,5.7798514,10.930394,EU EEA Common AQI,73.8,6.5582366,13.21546,3600,4.811594,100,100,51.4,8.937198,Very Low,75.5,6.355935,100,1739186100,Very Low,9.633085,6.8510075,Very Low,6.062216,42.9,5.362319,100,1739186100,5.362319
2025-03-15T23:16:25Z,20,29.818,85.1,33,60.6,18,17,245,73,0.0,255,32767,0.0,2127-15-31,0.0,0.35,23.67,0.0,0.0,0.0,0,1.025390625,8,81,07:17,19:17,2025-03-15 23:16:24.808259,Marina di Stabia,31.1,6.639279,14.05905,5.7798514,10.930394,EU EEA Common AQI,73.8,6.5582366,13.21546,3600,4.811594,100,100,51.4,8.937198,Very Low,75.5,6.355935,100,1739186100,Very Low,9.633085,6.8510075,Very Low,6.062216,42.9,5.362319,100,1739186100,5.362319
2025-03-15T23:16:36Z,20,29.818,85.1,33,60.6,18,17,247,73,0.0,255,32767,0.0,2127-15-31,0.0,0.35,23.67,0.0,0.0,0.0,0,1.025390625,8,81,07:17,19:17,2025-03-15 23:16:35.895260,Marina di Stabia,31.1,6.639279,14.05905,5.7798514,10.930394,EU EEA Common AQI,73.8,6.5582366,13.21546,3600,4.811594,100,100,51.4,8.937198,Very Low,75.5,6.355935,100,1739186100,Very Low,9.633085,6.8510075,Very Low,6.062216,42.9,5.362319,100,1739186100,5.362319
2025-03-15T23:16:47Z,20,29.818,85.1,33,60.6,18,17,237,73,0.0,255,32767,0.0,2127-15-31,0.0,0.35,23.67,0.0,0.0,0.0,0,1.025390625,8,81,07:17,19:17,2025-03-15 23:16:46.980257,Marina di Stabia,31.1,6.639279,14.05905,5.7798514,10.930394,EU EEA Common AQI,73.8,6.5582366,13.21546,3600,4.811594,100,100,51.4,8.937198,Very Low,75.5,6.355935,100,1739186100,Very Low,9.633085,6.8510075,Very Low,6.062216,42.9,5.362319,100,1739186100,5.362319
2025-03-15T23:16:58Z,20,29.819,85.2,33,60.6,19,18,244,73,0.0,255,32767,0.0,2127-15-31,0.0,0.35,23.67,0.0,0.0,0.0,0,0.92578125,8,81,07:17,19:17,2025-03-15 23:16:58.063254,Marina di Stabia,31.1,6.639279,14.05905,5.7798514,10.930394,EU EEA Common AQI,73.8,6.5582366,13.21546,3600,4.811594,100,100,51.4,8.937198,Very Low,75.5,6.355935,100,1739186100,Very Low,9.633085,6.8510075,Very Low,6.062216,42.9,5.362319,100,1739186100,5.362319
2025-03-15T23:17:09Z,20,29.819,85.2,33,60.6,19,18,244,72,0.0,255,32767,0.0,2127-15-31,0.0,0.35,23.67,0.0,0.0,0.0,0,0.92578125,8,81,07:17,19:17,2025-03-15 23:17:09.160257,Marina di Stabia,31.1,6.639279,14.05905,5.7798514,10.930394,EU EEA Common AQI,73.8,6.5582366,13.21546,3600,4.811594,100,100,51.4,8.937198,Very Low,75.5,6.355935,100,1739186100,Very Low,9.633085,6.8510075,Very Low,6.062216,42.9,5.362319,100,1739186100,5.362319
2025-03-15T23:17:20Z,20,29.819,85.2,33,60.6,19,18,246,72,0.0,255,32767,0.0,2127-15-31,0.0,0.35,23.67,0.0,0.0,0.0,0,0.92578125,8,81,07:17,19:17,2025-03-15 23:17:20.278255,Marina di Stabia,31.1,6.639279,14.05905,5.7798514,10.930394,EU EEA Common AQI,73.8,6.5582366,13.21546,3600,4.811594,100,100,51.4,8.937198,Very Low,75.5,6.355935,100,1739186100,Very Low,9.633085,6.8510075,Very Low,6.062216,42.9,5.362319,100,1739186100,5.362319
2025-03-15T23:17:31Z,20,29.819,85.2,33,60.6,18,18,228,72,0.0,255,32767,0.0,2127-15-31,0.0,0.35,23.67,0.0,0.0,0.0,0,0.92578125,8,81,07:17,19:17,2025-03-15 23:17:31.371255,Marina di Stabia,31.1,6.639279,14.05905,5.7798514,10.930394,EU EEA Common AQI,73.8,6.5582366,13.21546,3600,4.811594,100,100,51.4,8.937198,Very Low,75.5,6.355935,100,1739186100,Very Low,9.633085,6.8510075,Very Low,6.062216,42.9,5.362319,100,1739186100,5.362319
2025-03-15T23:17:42Z,20,29.819,85.2,33,60.6,19,18,240,72,0.0,255,32767,0.0,2127-15-31,0.0,0.35,23.67,0.0,0.0,0.0,0,0.92578125,8,81,07:17,19:17,2025-03-15 23:17:42.464257,Marina di Stabia,31.1,6.639279,14.05905,5.7798514,10.930394,EU EEA Common AQI,73.8,6.5582366,13.21546,3600,4.811594,100,100,51.4,8.937198,Very Low,75.5,6.355935,100,1739186100,Very Low,9.633085,6.8510075,Very Low,6.062216,42.9,5.362319,100,1739186100,5.362319
2025-03-15T23:17:53Z,20,29.819,85.2,33,60.6,18,18,238,72,0.0,255,32767,0.0,2127-15-31,0.0,0.35,23.67,0.0,0.0,0.0,0,0.92578125,8,81,07:17,19:17,2025-03-15 23:17:53.557252,Marina di Stabia,31.1,6.639279,14.05905,5.7798514,10.930394,EU EEA Common AQI,73.8,6.5582366,13.21546,3600,4.811594,100,100,51.4,8.937198,Very Low,75.5,6.355935,100,1739186100,Very Low,9.633085,6.8510075,Very Low,6.062216,42.9,5.362319,100,1739186100,5.362319
2025-03-15T23:18:05Z,20,29.819,85.1,33,60.6,19,18,237,72,0.0,255,32767,0.0,2127-15-31,0.0,0.35,23.67,0.0,0.0,0.0,0,0.9609375,8,81,07:17,19:17,2025-03-15 23:18:04.928264,Marina di Stabia,31.1,6.639279,14.05905,5.7798514,10.930394,EU EEA Common AQI,73.8,6.5582366,13.21546,3600,4.811594,100,100,51.4,8.937198,Very Low,75.5,6.355935,100,1739186100,Very Low,9.633085,6.8510075,Very Low,6.062216,42.9,5.362319,100,1739186100,5.362319
2025-03-15T23:18:16Z,20,29.819,85.1,33,60.6,19,18,241,72,0.0,255,32767,0.0,2127-15-31,0.0,0.35,23.67,0.0,0.0,0.0,0,0.9609375,8,81,07:17,19:17,2025-03-15 23:18:16.285266,Marina di Stabia,31.1,6.639279,14.05905,5.7798514,10.930394,EU EEA Common AQI,73.8,6.5582366,13.21546,3600,4.811594,100,100,51.4,8.937198,Very Low,75.5,6.355935,100,1739186100,Very Low,9.633085,6.8510075,Very Low,6.062216,42.9,5.362319,100,1739186100,5.362319
2025-03-15T23:18:27Z,20,29.819,85.1,33,60.6,19,18,235,72,0.0,255,32767,0.0,2127-15-31,0.0,0.35,23.67,0.0,0.0,0.0,0,0.9609375,8,81,07:17,19:17,2025-03-15 23:18:27.689259,Marina di Stabia,31.1,6.639279,14.05905,5.7798514,10.930394,EU EEA Common AQI,73.8,6.5582366,13.21546,3600,4.811594,100,100,51.4,8.937198,Very Low,75.5,6.355935,100,1739186100,Very Low,9.633085,6.8510075,Very Low,6.062216,42.9,5.362319,100,1739186100,5.362319
2025-03-15T23:18:40Z,20,29.819,85.1,33,60.6,18,18,227,72,0.0,255,32767,0.0,2127-15-31,0.0,0.35,23.67,0.0,0.0,0.0,0,0.9609375,8,81,07:17,19:17,2025-03-15 23:18:40.054230,Marina di Stabia,31.1,6.639279,14.05905,5.7798514,10.930394,EU EEA Common AQI,73.8,6.5582366,13.21546,3600,4.811594,100,100,51.4,8.937198,Very Low,75.5,6.355935,100,1739186100,Very Low,9.633085,6.8510075,Very Low,6.062216,42.9,5.362319,100,1739186100,5.362319
2025-03-15T23:18:51Z,20,29.819,85.1,33,60.6,19,18,240,73,0.0,255,32767,0.0,2127-15-31,0.0,0.35,23.67,0.0,0.0,0.0,0,0.9609375,8,81,07:17,19:17,2025-03-15 23:18:51.142257,Marina di Stabia,31.1,6.639279,14.05905,5.7798514,10.930394,EU EEA Common AQI,73.8,6.5582366,13.21546,3600,4.811594,100,100,51.4,8.937198,Very Low,75.5,6.355935,100,1739186100,Very Low,9.633085,6.8510075,Very Low,6.062216,42.9,5.362319,100,1739186100,5.362319
2025-03-15T23:19:05Z,20,29.821,85.1,33,60.5,20,18,242,73,0.0,255,32767,0.0,2127-15-31,0.0,0.35,23.67,0.0,0.0,0.0,0,0.92578125,8,81,07:17,19:17,2025-03-15 23:19:05.034260,Marina di Stabia,31.1,6.639279,14.05905,5.7798514,10.930394,EU EEA Common AQI,73.8,6.5582366,13.21546,3600,4.811594,100,100,51.4,8.937198,Very Low,75.5,6.355935,100,1739186100,Very Low,9.633085,6.8510075,Very Low,6.062216,42.9,5.362319,100,1739186100,5.362319
2025-03-15T23:19:16Z,20,29.821,85.1,33,60.5,20,18,242,73,0.0,255,32767,0.0,2127-15-31,0.0,0.35,23.67,0.0,0.0,0.0,0,0.92578125,8,81,07:17,19:17,2025-03-15 23:19:16.399255,Marina di Stabia,31.1,6.639279,14.05905,5.7798514,10.930394,EU EEA Common AQI,73.8,6.5582366,13.21546,3600,4.811594,100,100,51.4,8.937198,Very Low,75.5,6.355935,100,1739186100,Very Low,9.633085,6.8510075,Very Low,6.062216,42.9,5.362319,100,1739186100,5.362319
2025-03-15T23:19:27Z,20,29.821,85.1,33,60.5,19,18,239,73,0.0,255,32767,0.0,2127-15-31,0.0,0.35,23.67,0.0,0.0,0.0,0,0.92578125,8,81,07:17,19:17,2025-03-15 23:19:27.780254,Marina di Stabia,31.1,6.639279,14.05905,5.7798514,10.930394,EU EEA Common AQI,73.8,6.5582366,13.21546,3600,4.811594,100,100,51.4,8.937198,Very Low,75.5,6.355935,100,1739186100,Very Low,9.633085,6.8510075,Very Low,6.062216,42.9,5.362319,100,1739186100,5.362319
2025-03-15T23:19:40Z,20,29.821,85.1,33,60.5,19,18,245,71,0.0,255,32767,0.0,2127-15-31,0.0,0.35,23.67,0.0,0.0,0.0,0,0.92578125,8,81,07:17,19:17,2025-03-15 23:19:40.145268,Marina di Stabia,31.1,6.639279,14.05905,5.7798514,10.930394,EU EEA Common AQI,73.8,6.5582366,13.21546,3600,4.811594,100,100,51.4,8.937198,Very Low,75.5,6.355935,100,1739186100,Very Low,9.633085,6.8510075,Very Low,6.062216,42.9,5.362319,100,1739186100,5.362319
2025-03-15T23:19:51Z,20,29.821,85.1,33,60.5,17,18,243,71,0.0,255,32767,0.0,2127-15-31,0.0,0.35,23.67,0.0,0.0,0.0,0,0.92578125,8,81,07:17,19:17,2025-03-15 23:19:51.235266,Marina di Stabia,31.1,6.639279,14.05905,5.7798514,10.930394,EU EEA Common AQI,73.8,6.5582366,13.21546,3600,4.811594,100,100,51.4,8.937198,Very Low,75.5,6.355935,100,1739186100,Very Low,9.633085,6.8510075,Very Low,6.062216,42.9,5.362319,100,1739186100,5.362319
2025-03-15T23:20:02Z,20,29.82,85.1,33,60.5,18,18,247,71,0.0,255,32767,0.0,2127-15-31,0.0,0.35,23.67,0.0,0.0,0.0,0,1.25390625,8,81,07:17,19:17,2025-03-15 23:20:02.317251,Marina di Stabia,31.1,6.639279,14.05905,5.7798514,10.930394,EU EEA Common AQI,73.8,6.5582366,13.21546,3600,4.811594,100,100,51.4,8.937198,Very Low,75.5,6.355935,100,1739186100,Very Low,9.633085,6.8510075,Very Low,6.062216,42.9,5.362319,100,1739186100,5.362319
2025-03-15T23:20:13Z,20,29.82,85.1,33,60.5,19,18,246,71,0.0,255,32767,0.0,2127-15-31,0.0,0.35,23.67,0.0,0.0,0.0,0,1.25390625,8,81,07:17,19:17,2025-03-15 23:20:13.407258,Marina di Stabia,31.1,6.639279,14.05905,5.7798514,10.930394,EU EEA Common AQI,73.8,6.5582366,13.21546,3600,4.811594,100,100,51.4,8.937198,Very Low,75.5,6.355935,100,1739186100,Very Low,9.633085,6.8510075,Very Low,6.062216,42.9,5.362319,100,1739186100,5.362319
2025-03-15T23:20:24Z,20,29.82,85.1,33,60.5,17,18,247,71,0.0,255,32767,0.0,2127-15-31,0.0,0.35,23.67,0.0,0.0,0.0,0,1.25390625,8,81,07:17,19:17,2025-03-15 23:20:24.509268,Marina di Stabia,31.1,6.639279,14.05905,5.7798514,10.930394,EU EEA Common AQI,73.8,6.5582366,13.21546,3600,4.811594,100,100,51.4,8.937198,Very Low,75.5,6.355935,100,1739186100,Very Low,9.633085,6.8510075,Very Low,6.062216,42.9,5.362319,100,1739186100,5.362319
2025-03-15T23:20:35Z,20,29.82,85.1,33,60.5,18,18,250,71,0.0,255,32767,0.0,2127-15-31,0.0,0.35,23.67,0.0,0.0,0.0,0,1.25390625,8,81,07:17,19:17,2025-03-15 23:20:35.628263,Marina di Stabia,31.1,6.639279,14.05905,5.7798514,10.930394,EU EEA Common AQI,73.8,6.5582366,13.21546,3600,4.811594,100,100,51.4,8.937198,Very Low,75.5,6.355935,100,1739186100,Very Low,9.633085,6.8510075,Very Low,6.062216,42.9,5.362319,100,1739186100,5.362319
2025-03-15T23:20:46Z,20,29.82,85.1,33,60.5,18,18,248,71,0.0,255,32767,0.0,2127-15-31,0.0,0.35,23.67,0.0,0.0,0.0,0,1.25390625,8,81,07:17,19:17,2025-03-15 23:20:46.719220,Marina di Stabia,31.1,6.639279,14.05905,5.7798514,10.930394,EU EEA Common AQI,73.8,6.5582366,13.21546,3600,4.811594,100,100,51.4,8.937198,Very Low,75.5,6.355935,100,1739186100,Very Low,9.633085,6.8510075,Very Low,6.062216,42.9,5.362319,100,1739186100,5.362319
2025-03-15T23:20:58Z,20,29.819,85.1,33,60.4,18,18,251,71,0.0,255,32767,0.0,2127-15-31,0.0,0.35,23.67,0.0,0.0,0.0,0,0.9609375,8,81,07:17,19:17,2025-03-15 23:20:57.819265,Marina di Stabia,31.1,6.639279,14.05905,5.7798514,10.930394,EU EEA Common AQI,73.8,6.5582366,13.21546,3600,4.811594,100,100,51.4,8.937198,Very Low,75.5,6.355935,100,1739186100,Very Low,9.633085,6.8510075,Very Low,6.062216,42.9,5.362319,100,1739186100,5.362319
2025-03-15T23:21:09Z,20,29.819,85.1,33,60.4,17,18,245,71,0.0,255,32767,0.0,2127-15-31,0.0,0.35,23.67,0.0,0.0,0.0,0,0.9609375,8,81,07:17,19:17,2025-03-15 23:21:08.903263,Marina di Stabia,31.1,6.639279,14.05905,5.7798514,10.930394,EU EEA Common AQI,73.8,6.5582366,13.21546,3600,4.811594,100,100,51.4,8.937198,Very Low,75.5,6.355935,100,1739186100,Very Low,9.633085,6.8510075,Very Low,6.062216,42.9,5.362319,100,1739186100,5.362319
2025-03-15T23:21:20Z,20,29.819,85.1,33,60.4,17,18,241,73,0.0,255,32767,0.0,2127-15-31,0.0,0.35,23.67,0.0,0.0,0.0,0,0.9609375,8,81,07:17,19:17,2025-03-15 23:21:20.228260,Marina di Stabia,31.1,6.639279,14.05905,5.7798514,10.930394,EU EEA Common AQI,73.8,6.5582366,13.21546,3600,4.811594,100,100,51.4,8.937198,Very Low,75.5,6.355935,100,1739186100,Very Low,9.633085,6.8510075,Very Low,6.062216,42.9,5.362319,100,1739186100,5.362319
2025-03-15T23:21:31Z,20,29.819,85.1,33,60.5,17,18,238,73,0.0,255,32767,0.0,2127-15-31,0.0,0.35,23.67,0.0,0.0,0.0,0,0.9609375,8,81,07:17,19:17,2025-03-15 23:21:31.305254,Marina di Stabia,31.1,6.639279,14.05905,5.7798514,10.930394,EU EEA Common AQI,73.8,6.5582366,13.21546,3600,4.811594,100,100,51.4,8.937198,Very Low,75.5,6.355935,100,1739186100,Very Low,9.633085,6.8510075,Very Low,6.062216,42.9,5.362319,100,1739186100,5.362319
2025-03-15T23:21:42Z,20,29.819,85.1,33,60.5,18,18,244,73,0.0,255,32767,0.0,2127-15-31,0.0,0.35,23.67,0.0,0.0,0.0,0,0.9609375,8,81,07:17,19:17,2025-03-15 23:21:42.437276,Marina di Stabia,31.1,6.639279,14.05905,5.7798514,10.930394,EU EEA Common AQI,73.8,6.5582366,13.21546,3600,4.811594,100,100,51.4,8.937198,Very Low,75.5,6.355935,100,1739186100,Very Low,9.633085,6.8510075,Very Low,6.062216,42.9,5.362319,100,1739186100,5.362319
2025-03-15T23:21:53Z,20,29.819,85.1,33,60.5,17,18,248,73,0.0,255,32767,0.0,2127-15-31,0.0,0.35,23.67,0.0,0.0,0.0,0,0.9609375,8,81,07:17,19:17,2025-03-15 23:21:53.534248,Marina di Stabia,31.1,6.639279,14.05905,5.7798514,10.930394,EU EEA Common AQI,73.8,6.5582366,13.21546,3600,4.811594,100,100,51.4,8.937198,Very Low,75.5,6.355935,100,1739186100,Very Low,9.633085,6.8510075,Very Low,6.062216,42.9,5.362319,100,1739186100,5.362319
2025-03-15T23:22:04Z,20,29.821,85.1,33,60.4,18,18,246,73,0.0,255,32767,0.0,2127-15-31,0.0,0.35,23.67,0.0,0.0,0.0,0,0.92578125,8,81,07:17,19:17,2025-03-15 23:22:04.620258,Marina di Stabia,31.1,6.639279,14.05905,5.7798514,10.930394,EU EEA Common AQI,73.8,6.5582366,13.21546,3600,4.811594,100,100,51.4,8.937198,Very Low,75.5,6.355935,100,1739186100,Very Low,9.633085,6.8510075,Very Low,6.062216,42.9,5.362319,100,1739186100,5.362319
2025-03-15T23:22:15Z,20,29.821,85.1,33,60.4,17,18,252,73,0.0,255,32767,0.0,2127-15-31,0.0,0.35,23.67,0.0,0.0,0.0,0,0.92578125,8,81,07:17,19:17,2025-03-15 23:22:15.724275,Marina di Stabia,31.1,6.639279,14.05905,5.7798514,10.930394,EU EEA Common AQI,73.8,6.5582366,13.21546,3600,4.811594,100,100,51.4,8.937198,Very Low,75.5,6.355935,100,1739186100,Very Low,9.633085,6.8510075,Very Low,6.062216,42.9,5.362319,100,1739186100,5.362319
2025-03-15T23:22:27Z,20,29.821,85.1,33,60.5,18,18,243,73,0.0,255,32767,0.0,2127-15-31,0.0,0.35,23.67,0.0,0.0,0.0,0,0.92578125,8,81,07:17,19:17,2025-03-15 23:22:26.828257,Marina di Stabia,31.1,6.639279,14.05905,5.7798514,10.930394,EU EEA Common AQI,73.8,6.5582366,13.21546,3600,4.811594,100,100,51.4,8.937198,Very Low,75.5,6.355935,100,1739186100,Very Low,9.633085,6.8510075,Very Low,6.062216,42.9,5.362319,100,1739186100,5.362319
2025-03-15T23:22:38Z,20,29.821,85.1,33,60.4,16,18,243,73,0.0,255,32767,0.0,2127-15-31,0.0,0.35,23.67,0.0,0.0,0.0,0,0.92578125,8,81,07:17,19:17,2025-03-15 23:22:37.938258,Marina di Stabia,31.1,6.639279,14.05905,5.7798514,10.930394,EU EEA Common AQI,73.8,6.5582366,13.21546,3600,4.811594,100,100,51.4,8.937198,Very Low,75.5,6.355935,100,1739186100,Very Low,9.633085,6.8510075,Very Low,6.062216,42.9,5.362319,100,1739186100,5.362319
2025-03-15T23:22:49Z,20,29.821,85.1,33,60.5,18,18,247,73,0.0,255,32767,0.0,2127-15-31,0.0,0.35,23.67,0.0,0.0,0.0,0,0.92578125,8,81,07:17,19:17,2025-03-15 23:22:49.061259,Marina di Stabia,31.1,6.639279,14.05905,5.7798514,10.930394,EU EEA Common AQI,73.8,6.5582366,13.21546,3600,4.811594,100,100,51.4,8.937198,Very Low,75.5,6.355935,100,1739186100,Very Low,9.633085,6.8510075,Very Low,6.062216,42.9,5.362319,100,1739186100,5.362319
2025-03-15T23:23:00Z,20,29.817,85.1,33,60.5,17,18,242,74,0.0,255,32767,0.0,2127-15-31,0.0,0.35,23.67,0.0,0.0,0.0,0,0.9375,8,81,07:17,19:17,2025-03-15 23:23:00.156266,Marina di Stabia,31.1,6.639279,14.05905,5.7798514,10.930394,EU EEA Common AQI,73.8,6.5582366,13.21546,3600,4.811594,100,100,51.4,8.937198,Very Low,75.5,6.355935,100,1739186100,Very Low,9.633085,6.8510075,Very Low,6.062216,42.9,5.362319,100,1739186100,5.362319
2025-03-15T23:23:11Z,20,29.817,85.1,33,60.4,18,18,243,74,0.0,255,32767,0.0,2127-15-31,0.0,0.35,23.67,0.0,0.0,0.0,0,0.9375,8,81,07:17,19:17,2025-03-15 23:23:11.266263,Marina di Stabia,31.1,6.639279,14.05905,5.7798514,10.930394,EU EEA Common AQI,73.8,6.5582366,13.21546,3600,4.811594,100,100,51.4,8.937198,Very Low,75.5,6.355935,100,1739186100,Very Low,9.633085,6.8510075,Very Low,6.062216,42.9,5.362319,100,1739186100,5.362319
2025-03-15T23:23:22Z,20,29.817,85.1,33,60.5,19,18,238,74,0.0,255,32767,0.0,2127-15-31,0.0,0.35,23.67,0.0,0.0,0.0,0,0.9375,8,81,07:17,19:17,2025-03-15 23:23:22.354258,Marina di Stabia,31.1,6.639279,14.05905,5.7798514,10.930394,EU EEA Common AQI,73.8,6.5582366,13.21546,3600,4.811594,100,100,51.4,8.937198,Very Low,75.5,6.355935,100,1739186100,Very Low,9.633085,6.8510075,Very Low,6.062216,42.9,5.362319,100,1739186100,5.362319
2025-03-15T23:23:33Z,20,29.817,85.1,33,60.5,17,18,223,74,0.0,255,32767,0.0,2127-15-31,0.0,0.35,23.67,0.0,0.0,0.0,0,0.9375,8,81,07:17,19:17,2025-03-15 23:23:33.474272,Marina di Stabia,31.1,6.639279,14.05905,5.7798514,10.930394,EU EEA Common AQI,73.8,6.5582366,13.21546,3600,4.811594,100,100,51.4,8.937198,Very Low,75.5,6.355935,100,1739186100,Very Low,9.633085,6.8510075,Very Low,6.062216,42.9,5.362319,100,1739186100,5.362319
2025-03-15T23:23:44Z,20,29.817,85.1,33,60.4,21,18,235,74,0.0,255,32767,0.0,2127-15-31,0.0,0.35,23.67,0.0,0.0,0.0,0,0.9375,8,81,07:17,19:17,2025-03-15 23:23:44.549258,Marina di Stabia,31.1,6.639279,14.05905,5.7798514,10.930394,EU EEA Common AQI,73.8,6.5582366,13.21546,3600,4.811594,100,100,51.4,8.937198,Very Low,75.5,6.355935,100,1739186100,Very Low,9.633085,6.8510075,Very Low,6.062216,42.9,5.362319,100,1739186100,5.362319
2025-03-15T23:23:55Z,20,29.817,85.1,33,60.5,19,18,243,74,0.0,255,32767,0.0,2127-15-31,0.0,0.35,23.67,0.0,0.0,0.0,0,0.9375,8,81,07:17,19:17,2025-03-15 23:23:55.643261,Marina di Stabia,31.1,6.639279,14.05905,5.7798514,10.930394,EU EEA Common AQI,73.8,6.5582366,13.21546,3600,4.811594,100,100,51.4,8.937198,Very Low,75.5,6.355935,100,1739186100,Very Low,9.633085,6.8510075,Very Low,6.062216,42.9,5.362319,100,1739186100,5.362319
2025-03-15T23:24:07Z,20,29.822,85.1,33,60.4,20,18,238,74,0.0,255,32767,0.0,2127-15-31,0.0,0.35,23.67,0.0,0.0,0.0,0,0.931640625,8,81,07:17,19:17,2025-03-15 23:24:06.985257,Marina di Stabia,31.1,6.639279,14.05905,5.7798514,10.930394,EU EEA Common AQI,73.8,6.5582366,13.21546,3600,4.811594,100,100,51.4,8.937198,Very Low,75.5,6.355935,100,1739186100,Very Low,9.633085,6.8510075,Very Low,6.062216,42.9,5.362319,100,1739186100,5.362319
2025-03-15T23:24:18Z,20,29.822,85.1,33,60.4,20,18,239,74,0.0,255,32767,0.0,2127-15-31,0.0,0.35,23.67,0.0,0.0,0.0,0,0.931640625,8,81,07:17,19:17,2025-03-15 23:24:18.079259,Marina di Stabia,31.1,6.639279,14.05905,5.7798514,10.930394,EU EEA Common AQI,73.8,6.5582366,13.21546,3600,4.811594,100,100,51.4,8.937198,Very Low,75.5,6.355935,100,1739186100,Very Low,9.633085,6.8510075,Very Low,6.062216,42.9,5.362319,100,1739186100,5.362319
2025-03-15T23:24:29Z,20,29.822,85.1,33,60.3,19,18,238,74,0.0,255,32767,0.0,2127-15-31,0.0,0.35,23.67,0.0,0.0,0.0,0,0.931640625,8,81,07:17,19:17,2025-03-15 23:24:29.171255,Marina di Stabia,31.1,6.639279,14.05905,5.7798514,10.930394,EU EEA Common AQI,73.8,6.5582366,13.21546,3600,4.811594,100,100,51.4,8.937198,Very Low,75.5,6.355935,100,1739186100,Very Low,9.633085,6.8510075,Very Low,6.062216,42.9,5.362319,100,1739186100,5.362319
2025-03-15T23:24:40Z,20,29.822,85.1,33,60.3,16,18,232,74,0.0,255,32767,0.0,2127-15-31,0.0,0.35,23.67,0.0,0.0,0.0,0,0.931640625,8,81,07:17,19:17,2025-03-15 23:24:40.292257,Marina di Stabia,31.1,6.639279,14.05905,5.7798514,10.930394,EU EEA Common AQI,73.8,6.5582366,13.21546,3600,4.811594,100,100,51.4,8.937198,Very Low,75.5,6.355935,100,1739186100,Very Low,9.633085,6.8510075,Very Low,6.062216,42.9,5.362319,100,1739186100,5.362319
2025-03-15T23:24:51Z,20,29.822,85.1,33,60.4,20,18,233,72,0.0,255,32767,0.0,2127-15-31,0.0,0.35,23.67,0.0,0.0,0.0,0,0.931640625,8,81,07:17,19:17,2025-03-15 23:24:51.393256,Marina di Stabia,31.1,6.639279,14.05905,5.7798514,10.930394,EU EEA Common AQI,73.8,6.5582366,13.21546,3600,4.811594,100,100,51.4,8.937198,Very Low,75.5,6.355935,100,1739186100,Very Low,9.633085,6.8510075,Very Low,6.062216,42.9,5.362319,100,1739186100,5.362319
2025-03-15T23:25:02Z,20,29.818,85.1,33,60.4,16,18,222,72,0.0,255,32767,0.0,2127-15-31,0.0,0.35,23.67,0.0,0.0,0.0,0,1.04296875,8,81,07:17,19:17,2025-03-15 23:25:02.473271,Marina di Stabia,31.1,6.639279,14.05905,5.7798514,10.930394,EU EEA Common AQI,73.8,6.5582366,13.21546,3600,4.811594,100,100,51.4,8.937198,Very Low,75.5,6.355935,100,1739186100,Very Low,9.633085,6.8510075,Very Low,6.062216,42.9,5.362319,100,1739186100,5.362319
2025-03-15T23:25:13Z,20,29.818,85.1,33,60.3,19,18,227,72,0.0,255,32767,0.0,2127-15-31,0.0,0.35,23.67,0.0,0.0,0.0,0,1.04296875,8,81,07:17,19:17,2025-03-15 23:25:13.560251,Marina di Stabia,31.1,6.639279,14.05905,5.7798514,10.930394,EU EEA Common AQI,73.8,6.5582366,13.21546,3600,4.811594,100,100,51.4,8.937198,Very Low,75.5,6.355935,100,1739186100,Very Low,9.633085,6.8510075,Very Low,6.062216,42.9,5.362319,100,1739186100,5.362319
2025-03-15T23:25:24Z,20,29.818,85.1,33,60.3,12,18,225,72,0.0,255,32767,0.0,2127-15-31,0.0,0.35,23.67,0.0,0.0,0.0,0,1.04296875,8,81,07:17,19:17,2025-03-15 23:25:24.642218,Marina di Stabia,31.1,6.639279,14.05905,5.7798514,10.930394,EU EEA Common AQI,73.8,6.5582366,13.21546,3600,4.811594,100,100,51.4,8.937198,Very Low,75.5,6.355935,100,1739186100,Very Low,9.633085,6.8510075,Very Low,6.062216,42.9,5.362319,100,1739186100,5.362319
2025-03-15T23:25:35Z,20,29.818,85.1,33,60.4,21,18,235,72,0.0,255,32767,0.0,2127-15-31,0.0,0.35,23.67,0.0,0.0,0.0,0,1.04296875,8,81,07:17,19:17,2025-03-15 23:25:35.715258,Marina di Stabia,31.1,6.639279,14.05905,5.7798514,10.930394,EU EEA Common AQI,73.8,6.5582366,13.21546,3600,4.811594,100,100,51.4,8.937198,Very Low,75.5,6.355935,100,1739186100,Very Low,9.633085,6.8510075,Very Low,6.062216,42.9,5.362319,100,1739186100,5.362319
2025-03-15T23:25:47Z,20,29.818,85.1,33,60.3,19,18,233,72,0.0,255,32767,0.0,2127-15-31,0.0,0.35,23.67,0.0,0.0,0.0,0,1.04296875,8,81,07:17,19:17,2025-03-15 23:25:46.837257,Marina di Stabia,31.1,6.639279,14.05905,5.7798514,10.930394,EU EEA Common AQI,73.8,6.5582366,13.21546,3600,4.811594,100,100,51.4,8.937198,Very Low,75.5,6.355935,100,1739186100,Very Low,9.633085,6.8510075,Very Low,6.062216,42.9,5.362319,100,1739186100,5.362319
2025-03-15T23:25:58Z,20,29.819,85.1,33,60.3,15,18,240,72,0.0,255,32767,0.0,2127-15-31,0.0,0.35,23.67,0.0,0.0,0.0,0,0.92578125,8,81,07:17,19:17,2025-03-15 23:25:57.948259,Marina di Stabia,31.1,6.639279,14.05905,5.7798514,10.930394,EU EEA Common AQI,73.8,6.5582366,13.21546,3600,4.811594,100,100,51.4,8.937198,Very Low,75.5,6.355935,100,1739186100,Very Low,9.633085,6.8510075,Very Low,6.062216,42.9,5.362319,100,1739186100,5.362319
2025-03-15T23:26:09Z,20,29.819,85.1,33,60.4,19,18,230,72,0.0,255,32767,0.0,2127-15-31,0.0,0.35,23.67,0.0,0.0,0.0,0,0.92578125,8,81,07:17,19:17,2025-03-15 23:26:09.072252,Marina di Stabia,31.1,6.639279,14.05905,5.7798514,10.930394,EU EEA Common AQI,73.8,6.5582366,13.21546,3600,4.811594,100,100,51.4,8.937198,Very Low,75.5,6.355935,100,1739186100,Very Low,9.633085,6.8510075,Very Low,6.062216,42.9,5.362319,100,1739186100,5.362319
2025-03-15T23:26:20Z,20,29.819,85.1,33,60.4,16,18,219,72,0.0,255,32767,0.0,2127-15-31,0.0,0.35,23.67,0.0,0.0,0.0,0,0.92578125,8,81,07:17,19:17,2025-03-15 23:26:20.196262,Marina di Stabia,31.1,6.639279,14.05905,5.7798514,10.930394,EU EEA Common AQI,73.8,6.5582366,13.21546,3600,4.811594,100,100,51.4,8.937198,Very Low,75.5,6.355935,100,1739186100,Very Low,9.633085,6.8510075,Very Low,6.062216,42.9,5.362319,100,1739186100,5.362319
2025-03-15T23:26:31Z,20,29.819,85.1,33,60.4,16,18,239,72,0.0,255,32767,0.0,2127-15-31,0.0,0.35,23.67,0.0,0.0,0.0,0,0.92578125,8,81,07:17,19:17,2025-03-15 23:26:31.289258,Marina di Stabia,31.1,6.639279,14.05905,5.7798514,10.930394,EU EEA Common AQI,73.8,6.5582366,13.21546,3600,4.811594,100,100,51.4,8.937198,Very Low,75.5,6.355935,100,1739186100,Very Low,9.633085,6.8510075,Very Low,6.062216,42.9,5.362319,100,1739186100,5.362319
2025-03-15T23:26:42Z,20,29.819,85.1,33,60.4,18,18,242,72,0.0,255,32767,0.0,2127-15-31,0.0,0.35,23.67,0.0,0.0,0.0,0,0.92578125,8,81,07:17,19:17,2025-03-15 23:26:42.372271,Marina di Stabia,31.1,6.639279,14.05905,5.7798514,10.930394,EU EEA Common AQI,73.8,6.5582366,13.21546,3600,4.811594,100,100,51.4,8.937198,Very Low,75.5,6.355935,100,1739186100,Very Low,9.633085,6.8510075,Very Low,6.062216,42.9,5.362319,100,1739186100,5.362319
2025-03-15T23:26:53Z,20,29.819,85.1,33,60.4,18,18,238,72,0.0,255,32767,0.0,2127-15-31,0.0,0.35,23.67,0.0,0.0,0.0,0,0.92578125,8,81,07:17,19:17,2025-03-15 23:26:53.460254,Marina di Stabia,31.1,6.639279,14.05905,5.7798514,10.930394,EU EEA Common AQI,73.8,6.5582366,13.21546,3600,4.811594,100,100,51.4,8.937198,Very Low,75.5,6.355935,100,1739186100,Very Low,9.633085,6.8510075,Very Low,6.062216,42.9,5.362319,100,1739186100,5.362319
2025-03-15T23:27:04Z,20,29.82,85.1,33,60.4,19,18,236,72,0.0,255,32767,0.0,2127-15-31,0.0,0.35,23.67,0.0,0.0,0.0,0,1.787109375,8,81,07:17,19:17,2025-03-15 23:27:04.537250,Marina di Stabia,31.1,6.639279,14.05905,5.7798514,10.930394,EU EEA Common AQI,73.8,6.5582366,13.21546,3600,4.811594,100,100,51.4,8.937198,Very Low,75.5,6.355935,100,1739186100,Very Low,9.633085,6.8510075,Very Low,6.062216,42.9,5.362319,100,1739186100,5.362319
2025-03-15T23:27:15Z,20,29.82,85.1,33,60.4,16,18,229,72,0.0,255,32767,0.0,2127-15-31,0.0,0.35,23.67,0.0,0.0,0.0,0,1.787109375,8,81,07:17,19:17,2025-03-15 23:27:15.653262,Marina di Stabia,31.1,6.639279,14.05905,5.7798514,10.930394,EU EEA Common AQI,73.8,6.5582366,13.21546,3600,4.811594,100,100,51.4,8.937198,Very Low,75.5,6.355935,100,1739186100,Very Low,9.633085,6.8510075,Very Low,6.062216,42.9,5.362319,100,1739186100,5.362319
2025-03-15T23:27:26Z,20,29.82,85.1,33,60.4,15,18,225,72,0.0,255,32767,0.0,2127-15-31,0.0,0.35,23.67,0.0,0.0,0.0,0,1.787109375,8,81,07:17,19:17,2025-03-15 23:27:26.755275,Marina di Stabia,31.1,6.639279,14.05905,5.7798514,10.930394,EU EEA Common AQI,73.8,6.5582366,13.21546,3600,4.811594,100,100,51.4,8.937198,Very Low,75.5,6.355935,100,1739186100,Very Low,9.633085,6.8510075,Very Low,6.062216,42.9,5.362319,100,1739186100,5.362319
2025-03-15T23:27:38Z,20,29.82,85.1,33,60.4,17,18,246,72,0.0,255,32767,0.0,2127-15-31,0.0,0.35,23.67,0.0,0.0,0.0,0,1.787109375,8,81,07:17,19:17,2025-03-15 23:27:37.859261,Marina di Stabia
2025-03-15T23:27:49Z,20,29.82,85.1,33,60.4,14,18,223,72,0.0,255,32767,0.0,2127-15-31,0.0,0.35,23.67,0.0,0.0,0.0,0,1.787109375,8,81,07:17,19:17,2025-03-15 23:27:48.925257,Marina di Stabia
2025-03-15T23:28:00Z,20,29.816,85.1,33,60.5,15,18,233,72,0.0,255,32767,0.0,2127-15-31,0.0,0.35,23.67,0.0,0.0,0.0,0,0.931640625,8,81,07:17,19:17,2025-03-15 23:27:59.993274,Marina di Stabia
2025-03-15T23:28:11Z,20,29.816,85.1,33,60.4,17,18,235,72,0.0,255,32767,0.0,2127-15-31,0.0,0.35,23.67,0.0,0.0,0.0,0,0.931640625,8,81,07:17,19:17,2025-03-15 23:28:11.123256,Marina di Stabia
2025-03-15T23:28:22Z,20,29.816,85.1,33,60.4,16,18,234,72,0.0,255,32767,0.0,2127-15-31,0.0,0.35,23.67,0.0,0.0,0.0,0,0.931640625,8,81,07:17,19:17,2025-03-15 23:28:22.217285,Marina di Stabia
2025-03-15T23:28:33Z,20,29.816,85.1,33,60.4,16,18,236,72,0.0,255,32767,0.0,2127-15-31,0.0,0.35,23.67,0.0,0.0,0.0,0,0.931640625,8,81,07:17,19:17,2025-03-15 23:28:33.298250,Marina di Stabia
2025-03-15T23:28:44Z,20,29.816,85.1,33,60.4,13,18,218,72,0.0,255,32767,0.0,2127-15-31,0.0,0.35,23.67,0.0,0.0,0.0,0,0.931640625,8,81,07:17,19:17,2025-03-15 23:28:44.375220,Marina di Stabia
2025-03-15T23:28:55Z,20,29.816,85.1,33,60.4,11,18,199,72,0.0,255,32767,0.0,2127-15-31,0.0,0.35,23.67,0.0,0.0,0.0,0,0.931640625,8,81,07:17,19:17,2025-03-15 23:28:55.437267,Marina di Stabia
2025-03-15T23:29:06Z,20,29.816,85.1,33,60.4,16,18,234,73,0.0,255,32767,0.0,2127-15-31,0.0,0.35,23.67,0.0,0.0,0.0,0,0.92578125,8,81,07:17,19:17,2025-03-15 23:29:06.513254,Marina di Stabia
2025-03-15T23:29:17Z,20,29.816,85.1,33,60.4,13,18,222,73,0.0,255,32767,0.0,2127-15-31,0.0,0.35,23.67,0.0,0.0,0.0,0,0.92578125,8,81,07:17,19:17,2025-03-15 23:29:17.585257,Marina di Stabia
2025-03-15T23:29:28Z,20,29.816,85.1,33,60.4,11,18,212,73,0.0,255,32767,0.0,2127-15-31,0.0,0.35,23.67,0.0,0.0,0.0,0,0.92578125,8,81,07:17,19:17,2025-03-15 23:29:28.683261,Marina di Stabia
2025-03-15T23:29:39Z,20,29.816,85.1,33,60.4,12,18,196,73,0.0,255,32767,0.0,2127-15-31,0.0,0.35,23.67,0.0,0.0,0.0,0,0.92578125,8,81,07:17,19:17,2025-03-15 23:29:39.761258,Marina di Stabia
2025-03-15T23:29:51Z,20,29.816,85.1,33,60.4,14,18,228,73,0.0,255,32767,0.0,2127-15-31,0.0,0.35,23.67,0.0,0.0,0.0,0,0.92578125,8,81,07:17,19:17,2025-03-15 23:29:50.836265,Marina di Stabia
2025-03-15T23:30:02Z,20,29.816,85.1,33,60.4,18,17,236,73,0.0,255,32767,0.0,2127-15-31,0.0,0.35,23.67,0.0,0.0,0.0,0,0.966796875,8,81,07:17,19:17,2025-03-15 23:30:01.929270,Marina di Stabia
2025-03-15T23:30:13Z,20,29.816,85.1,33,60.4,17,17,229,73,0.0,255,32767,0.0,2127-15-31,0.0,0.35,23.67,0.0,0.0,0.0,0,0.966796875,8,81,07:17,19:17,2025-03-15 23:30:13.012262,Marina di Stabia
2025-03-15T23:30:24Z,20,29.816,85.1,33,60.4,11,17,209,73,0.0,255,32767,0.0,2127-15-31,0.0,0.35,23.67,0.0,0.0,0.0,0,0.966796875,8,81,07:17,19:17,2025-03-15 23:30:24.080263,Marina di Stabia
2025-03-15T23:30:35Z,20,29.816,85.1,33,60.4,14,17,225,73,0.0,255,32767,0.0,2127-15-31,0.0,0.35,23.67,0.0,0.0,0.0,0,0.966796875,8,81,07:17,19:17,2025-03-15 23:30:35.217258,Marina di Stabia
2025-03-15T23:30:46Z,20,29.816,85.1,33,60.4,9,17,217,73,0.0,255,32767,0.0,2127-15-31,0.0,0.35,23.67,0.0,0.0,0.0,0,0.966796875,8,81,07:17,19:17,2025-03-15 23:30:46.285263,Marina di Stabia
2025-03-15T23:30:57Z,20,29.819,85.1,33,60.4,13,17,223,73,0.0,255,32767,0.0,2127-15-31,0.0,0.35,23.67,0.0,0.0,0.0,0,1.083984375,8,81,07:17,19:17,2025-03-15 23:30:57.353265,Marina di Stabia
2025-03-15T23:31:08Z,20,29.819,85.1,33,60.4,12,17,180,73,0.0,255,32767,0.0,2127-15-31,0.0,0.35,23.67,0.0,0.0,0.0,0,1.083984375,8,81,07:17,19:17,2025-03-15 23:31:08.453255,Marina di Stabia
2025-03-15T23:31:19Z,20,29.819,85.1,33,60.4,10,17,221,73,0.0,255,32767,0.0,2127-15-31,0.0,0.35,23.67,0.0,0.0,0.0,0,1.083984375,8,81,07:17,19:17,2025-03-15 23:31:19.519257,Marina di Stabia
2025-03-15T23:31:30Z,20,29.819,85.1,33,60.4,15,17,250,73,0.0,255,32767,0.0,2127-15-31,0.0,0.35,23.67,0.0,0.0,0.0,0,1.083984375,8,81,07:17,19:17,2025-03-15 23:31:30.622281,Marina di Stabia
2025-03-15T23:31:41Z,20,29.819,85.1,33,60.4,16,17,248,73,0.0,255,32767,0.0,2127-15-31,0.0,0.35,23.67,0.0,0.0,0.0,0,1.083984375,8,81,07:17,19:17,2025-03-15 23:31:41.698268,Marina di Stabia
2025-03-15T23:31:52Z,20,29.819,85.1,33,60.4,23,17,238,73,0.0,255,32767,0.0,2127-15-31,0.0,0.35,23.67,0.0,0.0,0.0,0,1.083984375,8,81,07:17,19:17,2025-03-15 23:31:52.775268,Marina di Stabia
2025-03-15T23:32:04Z,20,29.816,85.1,33,60.4,22,17,236,73,0.0,255,32767,0.0,2127-15-31,0.0,0.35,23.67,0.0,0.0,0.0,0,1.283203125,8,81,07:17,19:17,2025-03-15 23:32:03.866265,Marina di Stabia
2025-03-15T23:32:15Z,20,29.816,85.1,33,60.4,20,17,237,73,0.0,255,32767,0.0,2127-15-31,0.0,0.35,23.67,0.0,0.0,0.0,0,1.283203125,8,81,07:17,19:17,2025-03-15 23:32:14.944260,Marina di Stabia
2025-03-15T23:32:26Z,20,29.816,85.1,33,60.4,21,17,234,73,0.0,255,32767,0.0,2127-15-31,0.0,0.35,23.67,0.0,0.0,0.0,0,1.283203125,8,81,07:17,19:17,2025-03-15 23:32:26.049263,Marina di Stabia
2025-03-15T23:32:37Z,20,29.816,85.1,33,60.4,20,17,244,73,0.0,255,32767,0.0,2127-15-31,0.0,0.35,23.67,0.0,0.0,0.0,0,1.283203125,8,81,07:17,19:17,2025-03-15 23:32:37.089467,Marina di Stabia
2025-03-15T23:32:48Z,20,29.816,85.1,33,60.4,20,17,254,73,0.0,255,32767,0.0,2127-15-31,0.0,0.35,23.67,0.0,0.0,0.0,0,1.283203125,8,81,07:17,19:17,2025-03-15 23:32:48.191256,Marina di Stabia
2025-03-15T23:33:13Z,20,29.817,85.0,33,60.4,18,17,244,73,0.0,255,32767,0.0,2127-15-31,0.0,0.35,23.67,0.0,0.0,0.0,0,0.92578125,8,81,07:17,19:17,2025-03-15 23:33:12.817255,Marina di Stabia
2025-03-15T23:33:24Z,20,29.817,85.0,33,60.4,22,17,242,72,0.0,255,32767,0.0,2127-15-31,0.0,0.35,23.67,0.0,0.0,0.0,0,0.92578125,8,81,07:17,19:17,2025-03-15 23:33:23.911262,Marina di Stabia
2025-03-15T23:33:35Z,20,29.817,85.0,33,60.4,15,17,236,72,0.0,255,32767,0.0,2127-15-31,0.0,0.35,23.67,0.0,0.0,0.0,0,0.92578125,8,81,07:17,19:17,2025-03-15 23:33:34.983264,Marina di Stabia
2025-03-15T23:33:46Z,20,29.817,85.0,33,60.4,20,17,227,72,0.0,255,32767,0.0,2127-15-31,0.0,0.35,23.67,0.0,0.0,0.0,0,0.92578125,8,81,07:17,19:17,2025-03-15 23:33:46.055275,Marina di Stabia
2025-03-15T23:33:57Z,20,29.816,85.0,33,60.3,22,17,230,72,0.0,255,32767,0.0,2127-15-31,0.0,0.35,23.67,0.0,0.0,0.0,0,0.92578125,8,81,07:17,19:17,2025-03-15 23:33:57.125265,Marina di Stabia
2025-03-15T23:34:08Z,20,29.816,85.0,33,60.4,21,17,232,72,0.0,255,32767,0.0,2127-15-31,0.0,0.35,23.67,0.0,0.0,0.0,0,0.92578125,8,81,07:17,19:17,2025-03-15 23:34:08.233260,Marina di Stabia
2025-03-15T23:34:19Z,20,29.816,85.0,33,60.5,14,17,252,72,0.0,255,32767,0.0,2127-15-31,0.0,0.35,23.67,0.0,0.0,0.0,0,0.92578125,8,81,07:17,19:17,2025-03-15 23:34:19.297255,Marina di Stabia
2025-03-15T23:34:30Z,20,29.816,85.0,33,60.5,16,17,206,72,0.0,255,32767,0.0,2127-15-31,0.0,0.35,23.67,0.0,0.0,0.0,0,0.92578125,8,81,07:17,19:17,2025-03-15 23:34:30.367259,Marina di Stabia
2025-03-15T23:34:41Z,20,29.816,85.0,33,60.4,21,17,210,72,0.0,255,32767,0.0,2127-15-31,0.0,0.35,23.67,0.0,0.0,0.0,0,0.92578125,8,81,07:17,19:17,2025-03-15 23:34:41.445262,Marina di Stabia
2025-03-15T23:34:52Z,20,29.816,85.0,33,60.4,17,17,234,72,0.0,255,32767,0.0,2127-15-31,0.0,0.35,23.67,0.0,0.0,0.0,0,0.92578125,8,81,07:17,19:17,2025-03-15 23:34:52.525261,Marina di Stabia
2025-03-15T23:35:03Z,20,29.818,85.0,33,60.4,12,17,180,73,0.0,255,32767,0.0,2127-15-31,0.0,0.35,23.67,0.0,0.0,0.0,0,0.9375,8,81,07:17,19:17,2025-03-15 23:35:03.599260,Marina di Stabia
2025-03-15T23:35:14Z,20,29.818,85.0,33,60.4,18,17,234,73,0.0,255,32767,0.0,2127-15-31,0.0,0.35,23.67,0.0,0.0,0.0,0,0.9375,8,81,07:17,19:17,2025-03-15 23:35:14.700262,Marina di Stabia
2025-03-15T23:35:26Z,20,29.818,85.0,33,60.4,17,17,236,73,0.0,255,32767,0.0,2127-15-31,0.0,0.35,23.67,0.0,0.0,0.0,0,0.9375,8,81,07:17,19:17,2025-03-15 23:35:26.014256,Marina di Stabia
2025-03-15T23:35:37Z,20,29.818,85.0,33,60.4,15,17,229,73,0.0,255,32767,0.0,2127-15-31,0.0,0.35,23.67,0.0,0.0,0.0,0,0.9375,8,81,07:17,19:17,2025-03-15 23:35:37.090261,Marina di Stabia
2025-03-15T23:35:48Z,20,29.818,85.0,33,60.4,13,17,249,73,0.0,255,32767,0.0,2127-15-31,0.0,0.35,23.67,0.0,0.0,0.0,0,0.9375,8,81,07:17,19:17,2025-03-15 23:35:48.199270,Marina di Stabia
2025-03-15T23:35:59Z,20,29.818,85.0,33,60.4,11,17,229,73,0.0,255,32767,0.0,2127-15-31,0.0,0.35,23.67,0.0,0.0,0.0,0,0.92578125,8,81,07:17,19:17,2025-03-15 23:35:59.267249,Marina di Stabia
2025-03-15T23:36:10Z,20,29.818,85.0,33,60.4,16,17,244,73,0.0,255,32767,0.0,2127-15-31,0.0,0.35,23.67,0.0,0.0,0.0,0,0.92578125,8,81,07:17,19:17,2025-03-15 23:36:10.333254,Marina di Stabia
2025-03-15T23:36:21Z,20,29.818,85.0,33,60.4,14,17,231,73,0.0,255,32767,0.0,2127-15-31,0.0,0.35,23.67,0.0,0.0,0.0,0,0.92578125,8,81,07:17,19:17,2025-03-15 23:36:21.408261,Marina di Stabia
2025-03-15T23:36:32Z,20,29.818,85.0,33,60.4,17,17,240,73,0.0,255,32767,0.0,2127-15-31,0.0,0.35,23.67,0.0,0.0,0.0,0,0.92578125,8,81,07:17,19:17,2025-03-15 23:36:32.493259,Marina di Stabia
2025-03-15T23:36:43Z,20,29.818,85.0,33,60.4,17,17,237,73,0.0,255,32767,0.0,2127-15-31,0.0,0.35,23.67,0.0,0.0,0.0,0,0.92578125,8,81,07:17,19:17,2025-03-15 23:36:43.594260,Marina di Stabia
2025-03-15T23:36:54Z,20,29.818,85.0,33,60.4,17,17,236,73,0.0,255,32767,0.0,2127-15-31,0.0,0.35,23.67,0.0,0.0,0.0,0,0.92578125,8,81,07:17,19:17,2025-03-15 23:36:54.663264,Marina di Stabia
2025-03-15T23:37:05Z,20,29.818,85.0,33,60.4,17,16,230,73,0.0,255,32767,0.0,2127-15-31,0.0,0.35,23.67,0.0,0.0,0.0,0,1.0546875,8,81,07:17,19:17,2025-03-15 23:37:05.761255,Marina di Stabia
2025-03-15T23:37:17Z,20,29.818,85.0,33,60.3,15,16,273,73,0.0,255,32767,0.0,2127-15-31,0.0,0.35,23.67,0.0,0.0,0.0,0,1.0546875,8,81,07:17,19:17,2025-03-15 23:37:16.829261,Marina di Stabia
2025-03-15T23:37:28Z,20,29.818,85.0,33,60.4,11,16,226,73,0.0,255,32767,0.0,2127-15-31,0.0,0.35,23.67,0.0,0.0,0.0,0,1.0546875,8,81,07:17,19:17,2025-03-15 23:37:27.936261,Marina di Stabia
2025-03-15T23:37:39Z,20,29.818,85.0,33,60.4,10,16,238,74,0.0,255,32767,0.0,2127-15-31,0.0,0.35,23.67,0.0,0.0,0.0,0,1.0546875,8,81,07:17,19:17,2025-03-15 23:37:39.009266,Marina di Stabia
2025-03-15T23:37:50Z,20,29.818,85.0,33,60.4,15,16,232,74,0.0,255,32767,0.0,2127-15-31,0.0,0.35,23.67,0.0,0.0,0.0,0,1.0546875,8,81,07:17,19:17,2025-03-15 23:37:50.083256,Marina di Stabia
2025-03-15T23:38:01Z,20,29.815,85.0,33,60.3,13,16,219,74,0.0,255,32767,0.0,2127-15-31,0.0,0.35,23.67,0.0,0.0,0.0,0,0.92578125,8,81,07:17,19:17,2025-03-15 23:38:01.160221,Marina di Stabia
2025-03-15T23:38:12Z,20,29.815,85.0,33,60.3,9,16,220,74,0.0,255,32767,0.0,2127-15-31,0.0,0.35,23.67,0.0,0.0,0.0,0,0.92578125,8,81,07:17,19:17,2025-03-15 23:38:12.237261,Marina di Stabia
2025-03-15T23:38:23Z,20,29.815,85.0,33,60.4,15,16,227,74,0.0,255,32767,0.0,2127-15-31,0.0,0.35,23.67,0.0,0.0,0.0,0,0.92578125,8,81,07:17,19:17,2025-03-15 23:38:23.338262,Marina di Stabia
2025-03-15T23:38:34Z,20,29.815,85.0,33,60.4,13,16,248,74,0.0,255,32767,0.0,2127-15-31,0.0,0.35,23.67,0.0,0.0,0.0,0,0.92578125,8,81,07:17,19:17,2025-03-15 23:38:34.412230,Marina di Stabia
2025-03-15T23:38:45Z,20,29.815,85.0,33,60.3,13,16,240,74,0.0,255,32767,0.0,2127-15-31,0.0,0.35,23.67,0.0,0.0,0.0,0,0.92578125,8,81,07:17,19:17,2025-03-15 23:38:45.518271,Marina di Stabia
2025-03-15T23:38:56Z,20,29.815,85.0,33,60.4,14,16,242,74,0.0,255,32767,0.0,2127-15-31,0.0,0.35,23.67,0.0,0.0,0.0,0,1.9453125,8,81,07:17,19:17,2025-03-15 23:38:56.637261,Marina di Stabia
2025-03-15T23:39:07Z,20,29.817,85.0,33,60.3,7,16,230,74,0.0,255,32767,0.0,2127-15-31,0.0,0.35,23.67,0.0,0.0,0.0,0,1.9453125,8,81,07:17,19:17,2025-03-15 23:39:07.740259,Marina di Stabia
2025-03-15T23:39:19Z,20,29.817,85.0,33,60.4,8,16,172,73,0.0,255,32767,0.0,2127-15-31,0.0,0.35,23.67,0.0,0.0,0.0,0,1.9453125,8,81,07:17,19:17,2025-03-15 23:39:18.816257,Marina di Stabia
2025-03-15T23:39:30Z,20,29.817,85.0,33,60.3,10,16,285,73,0.0,255,32767,0.0,2127-15-31,0.0,0.35,23.67,0.0,0.0,0.0,0,1.9453125,8,81,07:17,19:17,2025-03-15 23:39:29.883262,Marina di Stabia
2025-03-15T23:39:41Z,20,29.817,85.0,33,60.3,6,16,221,73,0.0,255,32767,0.0,2127-15-31,0.0,0.35,23.67,0.0,0.0,0.0,0,1.9453125,8,81,07:17,19:17,2025-03-15 23:39:40.961259,Marina di Stabia
2025-03-15T23:39:52Z,20,29.817,85.0,33,60.3,11,16,232,73,0.0,255,32767,0.0,2127-15-31,0.0,0.35,23.67,0.0,0.0,0.0,0,1.9453125,8,81,07:17,19:17,2025-03-15 23:39:52.034261,Marina di Stabia
2025-03-15T23:40:03Z,20,29.815,85.0,33,60.4,12,15,247,73,0.0,255,32767,0.0,2127-15-31,0.0,0.35,23.67,0.0,0.0,0.0,0,0.931640625,8,81,07:17,19:17,2025-03-15 23:40:03.112257,Marina di Stabia
2025-03-15T23:40:14Z,20,29.815,85.0,33,60.4,10,15,164,73,0.0,255,32767,0.0,2127-15-31,0.0,0.35,23.67,0.0,0.0,0.0,0,0.931640625,8,81,07:17,19:17,2025-03-15 23:40:14.241260,Marina di Stabia
2025-03-15T23:40:25Z,20,29.815,85.0,33,60.4,9,15,223,73,0.0,255,32767,0.0,2127-15-31,0.0,0.35,23.67,0.0,0.0,0.0,0,0.931640625,8,81,07:17,19:17,2025-03-15 23:40:25.309259,Marina di Stabia
2025-03-15T23:40:36Z,20,29.815,85.0,33,60.4,11,15,40,73,0.0,255,32767,0.0,2127-15-31,0.0,0.35,23.67,0.0,0.0,0.0,0,0.931640625,8,81,07:17,19:17,2025-03-15 23:40:36.388260,Marina di Stabia
2025-03-15T23:40:47Z,20,29.815,85.0,33,60.4,10,15,169,73,0.0,255,32767,0.0,2127-15-31,0.0,0.35,23.67,0.0,0.0,0.0,0,0.931640625,8,81,07:17,19:17,2025-03-15 23:40:47.488257,Marina di Stabia
2025-03-15T23:40:58Z,20,29.817,85.0,33,60.4,12,15,232,74,0.0,255,32767,0.0,2127-15-31,0.0,0.35,23.67,0.0,0.0,0.0,0,0.9609375,8,81,07:17,19:17,2025-03-15 23:40:58.571272,Marina di Stabia
2025-03-15T23:41:09Z,20,29.817,85.0,33,60.4,15,15,227,74,0.0,255,32767,0.0,2127-15-31,0.0,0.35,23.67,0.0,0.0,0.0,0,0.9609375,8,81,07:17,19:17,2025-03-15 23:41:09.688269,Marina di Stabia
2025-03-15T23:41:20Z,20,29.817,85.0,33,60.3,17,15,244,74,0.0,255,32767,0.0,2127-15-31,0.0,0.35,23.67,0.0,0.0,0.0,0,0.9609375,8,81,07:17,19:17,2025-03-15 23:41:20.751257,Marina di Stabia
2025-03-15T23:41:32Z,20,29.817,85.0,33,60.3,10,15,223,74,0.0,255,32767,0.0,2127-15-31,0.0,0.35,23.67,0.0,0.0,0.0,0,0.9609375,8,81,07:17,19:17,2025-03-15 23:41:31.832274,Marina di Stabia
2025-03-15T23:41:43Z,20,29.817,85.0,33,60.4,9,15,269,74,0.0,255,32767,0.0,2127-15-31,0.0,0.35,23.67,0.0,0.0,0.0,0,0.9609375,8,81,07:17,19:17,2025-03-15 23:41:42.886218,Marina di Stabia
2025-03-15T23:41:54Z,20,29.817,85.0,33,60.4,15,15,302,74,0.0,255,32767,0.0,2127-15-31,0.0,0.35,23.67,0.0,0.0,0.0,0,0.9609375,8,81,07:17,19:17,2025-03-15 23:41:53.952259,Marina di Stabia
2025-03-15T23:42:05Z,20,29.817,85.0,33,60.4,15,14,235,74,0.0,255,32767,0.0,2127-15-31,0.0,0.35,23.67,0.0,0.0,0.0,0,0.966796875,8,81,07:17,19:17,2025-03-15 23:42:05.027267,Marina di Stabia
2025-03-15T23:42:16Z,20,29.817,85.0,33,60.4,16,14,232,74,0.0,255,32767,0.0,2127-15-31,0.0,0.35,23.67,0.0,0.0,0.0,0,0.966796875,8,81,07:17,19:17,2025-03-15 23:42:16.135255,Marina di Stabia
2025-03-15T23:42:27Z,20,29.817,85.0,33,60.4,14,14,211,74,0.0,255,32767,0.0,2127-15-31,0.0,0.35,23.67,0.0,0.0,0.0,0,0.966796875,8,81,07:17,19:17,2025-03-15 23:42:27.210218,Marina di Stabia
2025-03-15T23:42:38Z,20,29.817,85.0,33,60.4,15,14,240,74,0.0,255,32767,0.0,2127-15-31,0.0,0.35,23.67,0.0,0.0,0.0,0,0.966796875,8,81,07:17,19:17,2025-03-15 23:42:38.278252,Marina di Stabia
2025-03-15T23:42:49Z,20,29.817,85.0,33,60.4,19,14,248,74,0.0,255,32767,0.0,2127-15-31,0.0,0.35,23.67,0.0,0.0,0.0,0,0.966796875,8,81,07:17,19:17,2025-03-15 23:42:49.349254,Marina di Stabia
2025-03-15T23:43:00Z,20,29.819,85.0,33,60.4,21,14,251,74,0.0,255,32767,0.0,2127-15-31,0.0,0.35,23.67,0.0,0.0,0.0,0,0.92578125,8,81,07:17,19:17,2025-03-15 23:43:00.423264,Marina di Stabia
2025-03-15T23:43:11Z,20,29.819,85.0,33,60.4,21,14,247,74,0.0,255,32767,0.0,2127-15-31,0.0,0.35,23.67,0.0,0.0,0.0,0,0.92578125,8,81,07:17,19:17,2025-03-15 23:43:11.622258,Marina di Stabia
2025-03-15T23:43:22Z,20,29.819,85.0,33,60.4,22,14,246,74,0.0,255,32767,0.0,2127-15-31,0.0,0.35,23.67,0.0,0.0,0.0,0,0.92578125,8,81,07:17,19:17,2025-03-15 23:43:22.733232,Marina di Stabia
2025-03-15T23:43:33Z,20,29.819,85.0,33,60.4,22,14,248,74,0.0,255,32767,0.0,2127-15-31,0.0,0.35,23.67,0.0,0.0,0.0,0,0.92578125,8,81,07:17,19:17,2025-03-15 23:43:33.799260,Marina di Stabia
2025-03-15T23:43:45Z,20,29.819,85.0,33,60.4,23,14,241,74,0.0,255,32767,0.0,2127-15-31,0.0,0.35,23.67,0.0,0.0,0.0,0,0.92578125,8,81,07:17,19:17,2025-03-15 23:43:44.867253,Marina di Stabia
2025-03-15T23:43:56Z,20,29.819,85.0,33,60.4,22,14,258,74,0.0,255,32767,0.0,2127-15-31,0.0,0.35,23.67,0.0,0.0,0.0,0,0.92578125,8,81,07:17,19:17,2025-03-15 23:43:55.969258,Marina di Stabia
2025-03-15T23:44:07Z,20,29.817,85.0,33,60.3,21,14,252,74,0.0,255,32767,0.0,2127-15-31,0.0,0.35,23.67,0.0,0.0,0.0,0,1.341796875,8,81,07:17,19:17,2025-03-15 23:44:07.035262,Marina di Stabia
2025-03-15T23:44:18Z,20,29.817,85.0,33,60.3,21,14,256,74,0.0,255,32767,0.0,2127-15-31,0.0,0.35,23.67,0.0,0.0,0.0,0,1.341796875,8,81,07:17,19:17,2025-03-15 23:44:18.096254,Marina di Stabia
2025-03-15T23:44:29Z,20,29.817,85.0,33,60.4,19,14,248,73,0.0,255,32767,0.0,2127-15-31,0.0,0.35,23.67,0.0,0.0,0.0,0,1.341796875,8,81,07:17,19:17,2025-03-15 23:44:29.201263,Marina di Stabia
2025-03-15T23:44:40Z,20,29.817,85.0,33,60.4,22,14,244,73,0.0,255,32767,0.0,2127-15-31,0.0,0.35,23.67,0.0,0.0,0.0,0,1.341796875,8,81,07:17,19:17,2025-03-15 23:44:40.270264,Marina di Stabia
2025-03-15T23:44:51Z,20,29.817,85.0,33,60.4,20,14,246,73,0.0,255,32767,0.0,2127-15-31,0.0,0.35,23.67,0.0,0.0,0.0,0,1.341796875,8,81,07:17,19:17,2025-03-15 23:44:51.345269,Marina di Stabia
2025-03-15T23:45:02Z,20,29.821,85.0,33,60.4,21,15,242,73,0.0,255,32767,0.0,2127-15-31,0.0,0.35,23.67,0.0,0.0,0.0,0,0.92578125,8,81,07:17,19:17,2025-03-15 23:45:02.418262,Marina di Stabia
2025-03-15T23:45:13Z,20,29.821,85.0,33,60.4,16,15,213,74,0.0,255,32767,0.0,2127-15-31,0.0,0.35,23.67,0.0,0.0,0.0,0,0.92578125,8,81,07:17,19:17,2025-03-15 23:45:13.485247,Marina di Stabia
2025-03-15T23:45:24Z,20,29.821,85.0,33,60.4,19,15,216,74,0.0,255,32767,0.0,2127-15-31,0.0,0.35,23.67,0.0,0.0,0.0,0,0.92578125,8,81,07:17,19:17,2025-03-15 23:45:24.600258,Marina di Stabia
2025-03-15T23:45:35Z,20,29.821,85.0,33,60.3,16,15,337,74,0.0,255,32767,0.0,2127-15-31,0.0,0.35,23.67,0.0,0.0,0.0,0,0.92578125,8,81,07:17,19:17,2025-03-15 23:45:35.677261,Marina di Stabia
2025-03-15T23:45:46Z,20,29.821,85.0,33,60.3,17,15,173,74,0.0,255,32767,0.0,2127-15-31,0.0,0.35,23.67,0.0,0.0,0.0,0,0.92578125,8,81,07:17,19:17,2025-03-15 23:45:46.749276,Marina di Stabia
2025-03-15T23:45:58Z,20,29.821,85.0,33,60.3,24,15,229,74,0.0,255,32767,0.0,2127-15-31,0.0,0.35,23.67,0.0,0.0,0.0,0,1.01953125,8,81,07:17,19:17,2025-03-15 23:45:57.824257,Marina di Stabia
2025-03-15T23:46:09Z,20,29.821,85.0,33,60.4,16,15,215,74,0.0,255,32767,0.0,2127-15-31,0.0,0.35,23.67,0.0,0.0,0.0,0,1.01953125,8,81,07:17,19:17,2025-03-15 23:46:08.892258,Marina di Stabia
2025-03-15T23:46:20Z,20,29.821,85.0,33,60.4,13,15,185,74,0.0,255,32767,0.0,2127-15-31,0.0,0.35,23.67,0.0,0.0,0.0,0,1.01953125,8,81,07:17,19:17,2025-03-15 23:46:19.970269,Marina di Stabia
2025-03-15T23:46:31Z,20,29.821,85.0,33,60.3,14,15,224,74,0.0,255,32767,0.0,2127-15-31,0.0,0.35,23.67,0.0,0.0,0.0,0,1.01953125,8,81,07:17,19:17,2025-03-15 23:46:31.066256,Marina di Stabia
2025-03-15T23:46:42Z,20,29.821,85.0,33,60.3,11,15,240,74,0.0,255,32767,0.0,2127-15-31,0.0,0.35,23.67,0.0,0.0,0.0,0,1.01953125,8,81,07:17,19:17,2025-03-15 23:46:42.131276,Marina di Stabia
2025-03-15T23:46:53Z,20,29.821,85.0,33,60.3,19,15,224,73,0.0,255,32767,0.0,2127-15-31,0.0,0.35,23.67,0.0,0.0,0.0,0,1.01953125,8,81,07:17,19:17,2025-03-15 23:46:53.199263,Marina di Stabia
2025-03-15T23:47:04Z,20,29.82,85.0,33,60.3,13,15,191,73,0.0,255,32767,0.0,2127-15-31,0.0,0.35,23.67,0.0,0.0,0.0,0,0.943359375,8,81,07:17,19:17,2025-03-15 23:47:04.264267,Marina di Stabia
2025-03-15T23:47:15Z,20,29.82,85.0,33,60.3,18,15,235,73,0.0,255,32767,0.0,2127-15-31,0.0,0.35,23.67,0.0,0.0,0.0,0,0.943359375,8,81,07:17,19:17,2025-03-15 23:47:15.336256,Marina di Stabia
2025-03-15T23:47:26Z,20,29.82,85.0,33,60.3,16,15,231,73,0.0,255,32767,0.0,2127-15-31,0.0,0.35,23.67,0.0,0.0,0.0,0,0.943359375,8,81,07:17,19:17,2025-03-15 23:47:26.413258,Marina di Stabia
2025-03-15T23:47:37Z,20,29.82,85.0,33,60.3,21,15,246,73,0.0,255,32767,0.0,2127-15-31,0.0,0.35,23.67,0.0,0.0,0.0,0,0.943359375,8,81,07:17,19:17,2025-03-15 23:47:37.512265,Marina di Stabia
2025-03-15T23:47:48Z,20,29.82,85.0,33,60.3,17,15,212,74,0.0,255,32767,0.0,2127-15-31,0.0,0.35,23.67,0.0,0.0,0.0,0,0.943359375,8,81,07:17,19:17,2025-03-15 23:47:48.590260,Marina di Stabia
2025-03-15T23:47:59Z,20,29.818,84.9,33,60.4,21,15,232,74,0.0,255,32767,0.0,2127-15-31,0.0,0.35,23.67,0.0,0.0,0.0,0,0.92578125,8,81,07:17,19:17,2025-03-15 23:47:59.676262,Marina di Stabia
2025-03-15T23:48:10Z,20,29.818,84.9,33,60.4,14,15,246,74,0.0,255,32767,0.0,2127-15-31,0.0,0.35,23.67,0.0,0.0,0.0,0,0.92578125,8,81,07:17,19:17,2025-03-15 23:48:10.742231,Marina di Stabia
2025-03-15T23:48:22Z,20,29.818,84.9,33,60.3,10,15,210,74,0.0,255,32767,0.0,2127-15-31,0.0,0.35,23.67,0.0,0.0,0.0,0,0.92578125,8,81,07:17,19:17,2025-03-15 23:48:21.817271,Marina di Stabia
2025-03-15T23:48:33Z,20,29.818,84.9,33,60.3,13,15,169,74,0.0,255,32767,0.0,2127-15-31,0.0,0.35,23.67,0.0,0.0,0.0,0,0.92578125,8,81,07:17,19:17,2025-03-15 23:48:32.877263,Marina di Stabia
2025-03-15T23:48:44Z,20,29.818,84.9,33,60.3,9,15,190,74,0.0,255,32767,0.0,2127-15-31,0.0,0.35,23.67,0.0,0.0,0.0,0,0.92578125,8,81,07:17,19:17,2025-03-15 23:48:43.999260,Marina di Stabia
2025-03-15T23:48:55Z,20,29.818,84.9,33,60.3,18,15,244,74,0.0,255,32767,0.0,2127-15-31,0.0,0.35,23.67,0.0,0.0,0.0,0,0.92578125,8,81,07:17,19:17,2025-03-15 23:48:55.067260,Marina di Stabia
2025-03-15T23:49:06Z,20,29.819,84.9,33,60.3,10,15,173,74,0.0,255,32767,0.0,2127-15-31,0.0,0.35,23.67,0.0,0.0,0.0,0,1.06640625,8,81,07:17,19:17,2025-03-15 23:49:06.144265,Marina di Stabia
2025-03-15T23:49:17Z,20,29.819,84.9,33,60.3,15,15,273,74,0.0,255,32767,0.0,2127-15-31,0.0,0.35,23.67,0.0,0.0,0.0,0,1.06640625,8,81,07:17,19:17,2025-03-15 23:49:17.220258,Marina di Stabia
2025-03-15T23:49:28Z,20,29.819,84.9,33,60.3,17,15,164,75,0.0,255,32767,0.0,2127-15-31,0.0,0.35,23.67,0.0,0.0,0.0,0,1.06640625,8,81,07:17,19:17,2025-03-15 23:49:28.286262,Marina di Stabia
2025-03-15T23:49:39Z,20,29.819,84.9,33,60.3,20,15,223,75,0.0,255,32767,0.0,2127-15-31,0.0,0.35,23.67,0.0,0.0,0.0,0,1.06640625,8,81,07:17,19:17,2025-03-15 23:49:39.360218,Marina di Stabia
2025-03-15T23:49:50Z,20,29.819,84.9,33,60.3,15,15,225,75,0.0,255,32767,0.0,2127-15-31,0.0,0.35,23.67,0.0,0.0,0.0,0,1.06640625,8,81,07:17,19:17,2025-03-15 23:49:50.477267,Marina di Stabia
2025-03-15T23:50:01Z,20,29.82,84.9,33,60.3,14,16,238,75,0.0,255,32767,0.0,2127-15-31,0.0,0.35,23.67,0.0,0.0,0.0,0,0.92578125,8,81,07:17,19:17,2025-03-15 23:50:01.545267,Marina di Stabia
2025-03-15T23:50:12Z,20,29.82,84.9,33,60.3,17,16,271,75,0.0,255,32767,0.0,2127-15-31,0.0,0.35,23.67,0.0,0.0,0.0,0,0.92578125,8,81,07:17,19:17,2025-03-15 23:50:12.617260,Marina di Stabia
2025-03-15T23:50:23Z,20,29.82,84.9,33,60.3,13,16,200,75,0.0,255,32767,0.0,2127-15-31,0.0,0.35,23.67,0.0,0.0,0.0,0,0.92578125,8,81,07:17,19:17,2025-03-15 23:50:23.692260,Marina di Stabia
2025-03-15T23:50:34Z,20,29.82,84.9,33,60.3,13,16,219,75,0.0,255,32767,0.0,2127-15-31,0.0,0.35,23.67,0.0,0.0,0.0,0,0.92578125,8,81,07:17,19:17,2025-03-15 23:50:34.759264,Marina di Stabia
2025-03-15T23:50:46Z,20,29.82,84.9,33,60.3,18,16,242,75,0.0,255,32767,0.0,2127-15-31,0.0,0.35,23.67,0.0,0.0,0.0,0,0.92578125,8,81,07:17,19:17,2025-03-15 23:50:45.833256,Marina di Stabia
2025-03-15T23:50:57Z,20,29.819,84.9,33,60.3,16,16,227,75,0.0,255,32767,0.0,2127-15-31,0.0,0.35,23.67,0.0,0.0,0.0,0,1.9453125,8,81,07:17,19:17,2025-03-15 23:50:56.925270,Marina di Stabia
2025-03-15T23:51:08Z,20,29.819,84.9,33,60.3,11,16,219,75,0.0,255,32767,0.0,2127-15-31,0.0,0.35,23.67,0.0,0.0,0.0,0,1.9453125,8,81,07:17,19:17,2025-03-15 23:51:07.991257,Marina di Stabia
2025-03-15T23:51:19Z,20,29.819,84.9,33,60.3,12,16,220,75,0.0,255,32767,0.0,2127-15-31,0.0,0.35,23.67,0.0,0.0,0.0,0,1.9453125,8,81,07:17,19:17,2025-03-15 23:51:19.303262,Marina di Stabia
2025-03-15T23:51:30Z,20,29.819,84.9,33,60.2,11,16,212,75,0.0,255,32767,0.0,2127-15-31,0.0,0.35,23.67,0.0,0.0,0.0,0,1.9453125,8,81,07:17,19:17,2025-03-15 23:51:30.372260,Marina di Stabia
2025-03-15T23:51:41Z,20,29.819,84.9,33,60.2,18,16,222,75,0.0,255,32767,0.0,2127-15-31,0.0,0.35,23.67,0.0,0.0,0.0,0,1.9453125,8,81,07:17,19:17,2025-03-15 23:51:41.443272,Marina di Stabia
2025-03-15T23:51:52Z,20,29.819,84.9,33,60.2,10,16,224,75,0.0,255,32767,0.0,2127-15-31,0.0,0.35,23.67,0.0,0.0,0.0,0,1.9453125,8,81,07:17,19:17,2025-03-15 23:51:52.518261,Marina di Stabia
2025-03-15T23:52:03Z,20,29.82,84.8,33,60.2,7,16,198,75,0.0,255,32767,0.0,2127-15-31,0.0,0.35,23.67,0.0,0.0,0.0,0,0.931640625,8,81,07:17,19:17,2025-03-15 23:52:03.611260,Marina di Stabia
2025-03-15T23:52:14Z,20,29.82,84.8,33,60.2,10,16,215,75,0.0,255,32767,0.0,2127-15-31,0.0,0.35,23.67,0.0,0.0,0.0,0,0.931640625,8,81,07:17,19:17,2025-03-15 23:52:14.680261,Marina di Stabia
2025-03-15T23:52:25Z,20,29.82,84.8,33,60.2,7,16,260,75,0.0,255,32767,0.0,2127-15-31,0.0,0.35,23.67,0.0,0.0,0.0,0,0.931640625,8,81,07:17,19:17,2025-03-15 23:52:25.744259,Marina di Stabia
2025-03-15T23:52:37Z,20,29.82,84.8,33,60.2,9,16,209,75,0.0,255,32767,0.0,2127-15-31,0.0,0.35,23.67,0.0,0.0,0.0,0,0.931640625,8,81,07:17,19:17,2025-03-15 23:52:36.820261,Marina di Stabia
2025-03-15T23:52:48Z,20,29.82,84.8,33,60.2,12,16,236,75,0.0,255,32767,0.0,2127-15-31,0.0,0.35,23.67,0.0,0.0,0.0,0,0.931640625,8,81,07:17,19:17,2025-03-15 23:52:47.896258,Marina di Stabia
2025-03-15T23:52:59Z,20,29.822,84.8,33,60.2,4,16,224,75,0.0,255,32767,0.0,2127-15-31,0.0,0.35,23.67,0.0,0.0,0.0,0,0.92578125,8,81,07:17,19:17,2025-03-15 23:52:58.967263,Marina di Stabia
2025-03-15T23:53:10Z,20,29.822,84.8,33,60.2,12,16,235,75,0.0,255,32767,0.0,2127-15-31,0.0,0.35,23.67,0.0,0.0,0.0,0,0.92578125,8,81,07:17,19:17,2025-03-15 23:53:10.060259,Marina di Stabia
2025-03-15T23:53:21Z,20,29.822,84.8,33,60.2,14,16,220,75,0.0,255,32767,0.0,2127-15-31,0.0,0.35,23.67,0.0,0.0,0.0,0,0.92578125,8,81,07:17,19:17,2025-03-15 23:53:21.149260,Marina di Stabia
2025-03-15T23:53:32Z,20,29.822,84.8,33,60.2,15,16,207,75,0.0,255,32767,0.0,2127-15-31,0.0,0.35,23.67,0.0,0.0,0.0,0,0.92578125,8,81,07:17,19:17,2025-03-15 23:53:32.213265,Marina di Stabia
2025-03-15T23:53:43Z,20,29.822,84.8,33,60.2,13,16,208,76,0.0,255,32767,0.0,2127-15-31,0.0,0.35,23.67,0.0,0.0,0.0,0,0.92578125,8,81,07:17,19:17,2025-03-15 23:53:43.288275,Marina di Stabia
2025-03-15T23:53:54Z,20,29.822,84.8,33,60.2,12,16,309,76,0.0,255,32767,0.0,2127-15-31,0.0,0.35,23.67,0.0,0.0,0.0,0,0.92578125,8,81,07:17,19:17,2025-03-15 23:53:54.356258,Marina di Stabia
2025-03-15T23:54:05Z,20,29.82,84.9,33,60.2,8,15,223,76,0.0,255,32767,0.0,2127-15-31,0.0,0.35,23.67,0.0,0.0,0.0,0,0.97265625,8,81,07:17,19:17,2025-03-15 23:54:05.437262,Marina di Stabia
2025-03-15T23:54:16Z,20,29.82,84.9,33,60.2,11,15,184,76,0.0,255,32767,0.0,2127-15-31,0.0,0.35,23.67,0.0,0.0,0.0,0,0.97265625,8,81,07:17,19:17,2025-03-15 23:54:16.539267,Marina di Stabia
2025-03-15T23:54:27Z,20,29.82,84.9,33,60.2,12,15,239,76,0.0,255,32767,0.0,2127-15-31,0.0,0.35,23.67,0.0,0.0,0.0,0,0.97265625,8,81,07:17,19:17,2025-03-15 23:54:27.612224,Marina di Stabia
2025-03-15T23:54:38Z,20,29.82,84.9,33,60.2,14,15,244,76,0.0,255,32767,0.0,2127-15-31,0.0,0.35,23.67,0.0,0.0,0.0,0,0.97265625,8,81,07:17,19:17,2025-03-15 23:54:38.682272,Marina di Stabia
2025-03-15T23:54:49Z,20,29.82,84.9,33,60.2,10,15,151,76,0.0,255,32767,0.0,2127-15-31,0.0,0.35,23.67,0.0,0.0,0.0,0,0.97265625,8,81,07:17,19:17,2025-03-15 23:54:49.741258,Marina di Stabia
2025-03-15T23:55:01Z,20,29.819,84.9,33,60.2,6,14,208,76,0.0,255,32767,0.0,2127-15-31,0.0,0.35,23.67,0.0,0.0,0.0,0,0.92578125,8,81,07:17,19:17,2025-03-15 23:55:00.802260,Marina di Stabia
2025-03-15T23:55:12Z,20,29.819,84.9,33,60.2,8,14,217,76,0.0,255,32767,0.0,2127-15-31,0.0,0.35,23.67,0.0,0.0,0.0,0,0.92578125,8,81,07:17,19:17,2025-03-15 23:55:11.879259,Marina di Stabia
2025-03-15T23:55:23Z,20,29.819,84.9,33,60.2,13,14,264,76,0.0,255,32767,0.0,2127-15-31,0.0,0.35,23.67,0.0,0.0,0.0,0,0.92578125,8,81,07:17,19:17,2025-03-15 23:55:22.982264,Marina di Stabia
2025-03-15T23:55:34Z,20,29.819,84.9,33,60.1,8,14,197,76,0.0,255,32767,0.0,2127-15-31,0.0,0.35,23.67,0.0,0.0,0.0,0,0.92578125,8,81,07:17,19:17,2025-03-15 23:55:34.060265,Marina di Stabia
2025-03-15T23:55:45Z,20,29.819,84.9,33,60.1,9,14,160,76,0.0,255,32767,0.0,2127-15-31,0.0,0.35,23.67,0.0,0.0,0.0,0,0.92578125,8,81,07:17,19:17,2025-03-15 23:55:45.131257,Marina di Stabia
2025-03-15T23:55:56Z,20,29.819,84.9,33,60.1,10,14,211,76,0.0,255,32767,0.0,2127-15-31,0.0,0.35,23.67,0.0,0.0,0.0,0,0.92578125,8,81,07:17,19:17,2025-03-15 23:55:56.180258,Marina di Stabia
2025-03-15T23:56:07Z,20,29.82,84.8,33,60.2,14,13,63,76,0.0,255,32767,0.0,2127-15-31,0.0,0.35,23.67,0.0,0.0,0.0,0,1.40625,8,81,07:17,19:17,2025-03-15 23:56:07.249251,Marina di Stabia
2025-03-15T23:56:18Z,20,29.82,84.8,33,60.1,16,13,165,76,0.0,255,32767,0.0,2127-15-31,0.0,0.35,23.67,0.0,0.0,0.0,0,1.40625,8,81,07:17,19:17,2025-03-15 23:56:18.313260,Marina di Stabia
2025-03-15T23:56:29Z,20,29.82,84.8,33,60.1,12,13,217,76,0.0,255,32767,0.0,2127-15-31,0.0,0.35,23.67,0.0,0.0,0.0,0,1.40625,8,81,07:17,19:17,2025-03-15 23:56:29.412250,Marina di Stabia
2025-03-15T23:56:40Z,20,29.82,84.8,33,60.1,14,13,240,76,0.0,255,32767,0.0,2127-15-31,0.0,0.35,23.67,0.0,0.0,0.0,0,1.40625,8,81,07:17,19:17,2025-03-15 23:56:40.478265,Marina di Stabia
2025-03-15T23:56:51Z,20,29.82,84.8,33,60.1,12,13,169,76,0.0,255,32767,0.0,2127-15-31,0.0,0.35,23.67,0.0,0.0,0.0,0,1.40625,8,81,07:17,19:17,2025-03-15 23:56:51.543256,Marina di Stabia
2025-03-15T23:57:02Z,20,29.822,84.8,33,60.1,13,13,297,76,0.0,255,32767,0.0,2127-15-31,0.0,0.35,23.67,0.0,0.0,0.0,0,0.92578125,8,81,07:17,19:17,2025-03-15 23:57:02.619265,Marina di Stabia
2025-03-15T23:57:13Z,20,29.822,84.8,33,60.1,15,13,227,76,0.0,255,32767,0.0,2127-15-31,0.0,0.35,23.67,0.0,0.0,0.0,0,0.92578125,8,81,07:17,19:17,2025-03-15 23:57:13.693264,Marina di Stabia
2025-03-15T23:57:24Z,20,29.822,84.8,33,60.1,9,13,181,76,0.0,255,32767,0.0,2127-15-31,0.0,0.35,23.67,0.0,0.0,0.0,0,0.92578125,8,81,07:17,19:17,2025-03-15 23:57:24.768268,Marina di Stabia
2025-03-15T23:57:36Z,20,29.822,84.8,33,60.1,9,13,90,76,0.0,255,32767,0.0,2127-15-31,0.0,0.35,23.67,0.0,0.0,0.0,0,0.92578125,8,81,07:17,19:17,2025-03-15 23:57:35.876259,Marina di Stabia
2025-03-15T23:57:47Z,20,29.822,84.8,33,60.0,6,13,238,76,0.0,255,32767,0.0,2127-15-31,0.0,0.35,23.67,0.0,0.0,0.0,0,0.92578125,8,81,07:17,19:17,2025-03-15 23:57:46.953262,Marina di Stabia
2025-03-15T23:57:58Z,20,29.82,84.8,33,60.0,7,12,120,76,0.0,255,32767,0.0,2127-15-31,0.0,0.35,23.67,0.0,0.0,0.0,0,0.92578125,8,81,07:17,19:17,2025-03-15 23:57:58.016260,Marina di Stabia
2025-03-15T23:58:09Z,20,29.82,84.8,33,60.1,7,12,230,76,0.0,255,32767,0.0,2127-15-31,0.0,0.35,23.67,0.0,0.0,0.0,0,0.92578125,8,81,07:17,19:17,2025-03-15 23:58:09.089260,Marina di Stabia
2025-03-15T23:58:20Z,20,29.82,84.8,33,60.1,15,12,195,76,0.0,255,32767,0.0,2127-15-31,0.0,0.35,23.67,0.0,0.0,0.0,0,0.92578125,8,81,07:17,19:17,2025-03-15 23:58:20.156250,Marina di Stabia
2025-03-15T23:58:31Z,20,29.82,84.8,33,60.1,11,12,250,76,0.0,255,32767,0.0,2127-15-31,0.0,0.35,23.67,0.0,0.0,0.0,0,0.92578125,8,81,07:17,19:17,2025-03-15 23:58:31.224258,Marina di Stabia
2025-03-15T23:58:42Z,20,29.82,84.8,33,60.1,13,12,240,76,0.0,255,32767,0.0,2127-15-31,0.0,0.35,23.67,0.0,0.0,0.0,0,0.92578125,8,81,07:17,19:17,2025-03-15 23:58:42.322259,Marina di Stabia
2025-03-15T23:58:53Z,20,29.82,84.8,33,60.1,7,12,173,76,0.0,255,32767,0.0,2127-15-31,0.0,0.35,23.67,0.0,0.0,0.0,0,0.92578125,8,81,07:17,19:17,2025-03-15 23:58:53.402253,Marina di Stabia
2025-03-15T23:59:04Z,20,29.821,84.8,33,60.0,8,12,195,76,0.0,255,32767,0.0,2127-15-31,0.0,0.35,23.67,0.0,0.0,0.0,0,0.943359375,8,81,07:17,19:17,2025-03-15 23:59:04.461258,Marina di Stabia
2025-03-15T23:59:15Z,20,29.821,84.8,33,60.1,6,12,38,76,0.0,255,32767,0.0,2127-15-31,0.0,0.35,23.67,0.0,0.0,0.0,0,0.943359375,8,81,07:17,19:17,2025-03-15 23:59:15.537255,Marina di Stabia
2025-03-15T23:59:26Z,20,29.821,84.8,33,60.1,12,12,123,76,0.0,255,32767,0.0,2127-15-31,0.0,0.35,23.67,0.0,0.0,0.0,0,0.943359375,8,81,07:17,19:17,2025-03-15 23:59:26.602264,Marina di Stabia
2025-03-15T23:59:37Z,20,29.821,84.8,33,60.1,11,12,205,76,0.0,255,32767,0.0,2127-15-31,0.0,0.35,23.67,0.0,0.0,0.0,0,0.943359375,8,81,07:17,19:17,2025-03-15 23:59:37.667262,Marina di Stabia
2025-03-15T23:59:48Z,20,29.821,84.8,33,60.0,11,12,118,76,0.0,255,32767,0.0,2127-15-31,0.0,0.35,23.67,0.0,0.0,0.0,0,0.943359375,8,81,07:17,19:17,2025-03-15 23:59:48.770275,Marina di Stabia
